timestamp,angle,distance,x,y,state,direction,time_elapsed,scan_cycle,is_gap
2024-11-21 18:21:02.155203,89.0,66.0,0,0,INITIALIZING,UNKNOWN,0.577067,0,True
2024-11-21 18:21:02.353531,88.0,67.0,0,0,SCANNING_LEFT,LEFT,0.775395,0,True
2024-11-21 18:21:02.480635,87.0,66.0,0,0,SCANNING_LEFT,LEFT,0.902499,0,True
2024-11-21 18:21:02.610458,86.0,67.0,0,0,SCANNING_LEFT,LEFT,1.032322,0,True
2024-11-21 18:21:02.753489,85.0,67.0,0,0,SCANNING_LEFT,LEFT,1.175353,0,True
2024-11-21 18:21:02.878401,84.0,69.0,0,0,SCANNING_LEFT,LEFT,1.300265,0,True
2024-11-21 18:21:03.008205,83.0,69.0,0,0,SCANNING_LEFT,LEFT,1.430069,0,True
2024-11-21 18:21:03.127779,82.0,68.0,0,0,SCANNING_LEFT,LEFT,1.549643,0,True
2024-11-21 18:21:03.256452,81.0,68.0,0,0,SCANNING_LEFT,LEFT,1.678316,0,True
2024-11-21 18:21:03.389456,80.0,69.0,0,0,SCANNING_LEFT,LEFT,1.81132,0,True
2024-11-21 18:21:03.518496,79.0,68.0,0,0,SCANNING_LEFT,LEFT,1.94036,0,True
2024-11-21 18:21:03.643816,78.0,68.0,0,0,SCANNING_LEFT,LEFT,2.06568,0,True
2024-11-21 18:21:03.766846,77.0,69.0,0,0,SCANNING_LEFT,LEFT,2.18871,0,True
2024-11-21 18:21:03.885698,76.0,69.0,0,0,SCANNING_LEFT,LEFT,2.307562,0,True
2024-11-21 18:21:04.016657,75.0,69.0,0,0,SCANNING_LEFT,LEFT,2.438521,0,True
2024-11-21 18:21:04.164765,74.0,69.0,0,0,SCANNING_LEFT,LEFT,2.586629,0,True
2024-11-21 18:21:04.299902,73.0,69.0,0,0,SCANNING_LEFT,LEFT,2.721766,0,True
2024-11-21 18:21:04.427115,72.0,68.0,0,0,SCANNING_LEFT,LEFT,2.848979,0,True
2024-11-21 18:21:04.554249,71.0,68.0,0,0,SCANNING_LEFT,LEFT,2.976113,0,True
2024-11-21 18:21:04.678928,70.0,68.0,0,0,SCANNING_LEFT,LEFT,3.100792,0,True
2024-11-21 18:21:04.797921,69.0,68.0,0,0,SCANNING_LEFT,LEFT,3.219785,0,True
2024-11-21 18:21:04.916046,68.0,68.0,0,0,SCANNING_LEFT,LEFT,3.33791,0,True
2024-11-21 18:21:05.041567,67.0,68.0,0,0,SCANNING_LEFT,LEFT,3.463431,0,True
2024-11-21 18:21:05.170107,66.0,68.0,0,0,SCANNING_LEFT,LEFT,3.591971,0,True
2024-11-21 18:21:05.298880,65.0,69.0,0,0,SCANNING_LEFT,LEFT,3.720744,0,True
2024-11-21 18:21:05.421191,65.0,68.0,0,0,SCANNING_LEFT,STATIONARY,3.843055,0,True
2024-11-21 18:21:05.557642,66.0,68.0,0,0,SCANNING_LEFT,RIGHT,3.979506,0,True
2024-11-21 18:21:05.680890,67.0,68.0,0,0,SCANNING_LEFT,RIGHT,4.102754,0,True
2024-11-21 18:21:05.802656,68.0,68.0,0,0,SCANNING_LEFT,RIGHT,4.22452,0,True
2024-11-21 18:21:05.925465,69.0,68.0,0,0,SCANNING_LEFT,RIGHT,4.347329,0,True
2024-11-21 18:21:06.045299,70.0,68.0,0,0,SCANNING_LEFT,RIGHT,4.467163,0,True
2024-11-21 18:21:06.188940,71.0,68.0,0,0,SCANNING_LEFT,RIGHT,4.610804,0,True
2024-11-21 18:21:06.313802,72.0,68.0,0,0,SCANNING_LEFT,RIGHT,4.735666,0,True
2024-11-21 18:21:06.438827,73.0,68.0,0,0,SCANNING_LEFT,RIGHT,4.860691,0,True
2024-11-21 18:21:06.561870,74.0,65.0,0,0,SCANNING_LEFT,RIGHT,4.983734,0,True
2024-11-21 18:21:06.683969,75.0,69.0,0,0,SCANNING_LEFT,RIGHT,5.105833,0,True
2024-11-21 18:21:06.815839,76.0,69.0,0,0,SCANNING_LEFT,RIGHT,5.237703,0,True
2024-11-21 18:21:06.949396,77.0,69.0,0,0,SCANNING_LEFT,RIGHT,5.37126,0,True
2024-11-21 18:21:07.082039,78.0,69.0,0,0,SCANNING_LEFT,RIGHT,5.503903,0,True
2024-11-21 18:21:07.215734,79.0,69.0,0,0,SCANNING_LEFT,RIGHT,5.637598,0,True
2024-11-21 18:21:07.338504,80.0,69.0,0,0,SCANNING_LEFT,RIGHT,5.760368,0,True
2024-11-21 18:21:07.459371,81.0,69.0,0,0,SCANNING_LEFT,RIGHT,5.881235,0,True
2024-11-21 18:21:07.577124,82.0,68.0,0,0,SCANNING_LEFT,RIGHT,5.998988,0,True
2024-11-21 18:21:07.700976,83.0,69.0,0,0,SCANNING_LEFT,RIGHT,6.12284,0,True
2024-11-21 18:21:07.829326,84.0,68.0,0,0,SCANNING_LEFT,RIGHT,6.25119,0,True
2024-11-21 18:21:07.947643,85.0,69.0,0,0,SCANNING_LEFT,RIGHT,6.369507,0,True
2024-11-21 18:21:08.088557,86.0,69.0,0,0,SCANNING_LEFT,RIGHT,6.510421,0,True
2024-11-21 18:21:08.215081,87.0,69.0,0,0,SCANNING_LEFT,RIGHT,6.636945,0,True
2024-11-21 18:21:08.357380,88.0,67.0,0,0,SCANNING_LEFT,RIGHT,6.779244,0,True
2024-11-21 18:21:08.479882,89.0,66.0,0,0,AT_CENTER,RIGHT,6.901746,0,True
2024-11-21 18:21:08.599162,90.0,66.0,0,0,AT_CENTER,RIGHT,7.021026,0,True
2024-11-21 18:21:08.727581,90.0,66.0,0,0,AT_CENTER,STATIONARY,7.149445,0,True
2024-11-21 18:21:08.852116,91.0,66.0,0,0,AT_CENTER,RIGHT,7.27398,0,True
2024-11-21 18:21:08.974752,92.0,61.0,0,0,SCANNING_RIGHT,RIGHT,7.396616,0,True
2024-11-21 18:21:09.092650,93.0,66.0,0,0,SCANNING_RIGHT,RIGHT,7.514514,0,True
2024-11-21 18:21:09.213118,94.0,66.0,0,0,SCANNING_RIGHT,RIGHT,7.634982,0,True
2024-11-21 18:21:09.332012,95.0,66.0,0,0,SCANNING_RIGHT,RIGHT,7.753876,0,True
2024-11-21 18:21:09.453610,96.0,66.0,0,0,SCANNING_RIGHT,RIGHT,7.875474,0,True
2024-11-21 18:21:09.580908,97.0,66.0,0,0,SCANNING_RIGHT,RIGHT,8.002772,0,True
2024-11-21 18:21:09.709644,98.0,66.0,0,0,SCANNING_RIGHT,RIGHT,8.131508,0,True
2024-11-21 18:21:09.832586,99.0,62.0,0,0,SCANNING_RIGHT,RIGHT,8.25445,0,True
2024-11-21 18:21:09.969307,100.0,67.0,0,0,SCANNING_RIGHT,RIGHT,8.391171,0,True
2024-11-21 18:21:10.098861,101.0,66.0,0,0,SCANNING_RIGHT,RIGHT,8.520725,0,True
2024-11-21 18:21:10.222602,102.0,66.0,0,0,SCANNING_RIGHT,RIGHT,8.644466,0,True
2024-11-21 18:21:10.345057,103.0,66.0,0,0,SCANNING_RIGHT,RIGHT,8.766921,0,True
2024-11-21 18:21:10.490998,104.0,66.0,0,0,SCANNING_RIGHT,RIGHT,8.912862,0,True
2024-11-21 18:21:10.609646,105.0,66.0,0,0,SCANNING_RIGHT,RIGHT,9.03151,0,True
2024-11-21 18:21:10.739072,106.0,60.0,16.53824134901995,57.675701756299134,SCANNING_RIGHT,RIGHT,9.160936,0,False
2024-11-21 18:21:10.856126,107.0,66.0,0,0,SCANNING_RIGHT,RIGHT,9.27799,0,True
2024-11-21 18:21:10.978683,108.0,66.0,0,0,SCANNING_RIGHT,RIGHT,9.400547,0,True
2024-11-21 18:21:11.101586,109.0,66.0,0,0,SCANNING_RIGHT,RIGHT,9.52345,0,True
2024-11-21 18:21:11.223297,110.0,66.0,0,0,SCANNING_RIGHT,RIGHT,9.645161,0,True
2024-11-21 18:21:11.345522,111.0,67.0,0,0,SCANNING_RIGHT,RIGHT,9.767386,0,True
2024-11-21 18:21:11.476636,112.0,67.0,0,0,SCANNING_RIGHT,RIGHT,9.8985,0,True
2024-11-21 18:21:11.610079,113.0,66.0,0,0,SCANNING_RIGHT,RIGHT,10.031943,0,True
2024-11-21 18:21:11.740679,114.0,66.0,0,0,SCANNING_RIGHT,RIGHT,10.162543,0,True
2024-11-21 18:21:11.864494,115.0,66.0,0,0,SCANNING_RIGHT,RIGHT,10.286358,0,True
2024-11-21 18:21:11.983509,115.0,66.0,0,0,SCANNING_RIGHT,STATIONARY,10.405373,0,True
2024-11-21 18:21:12.104369,114.0,66.0,0,0,SCANNING_RIGHT,LEFT,10.526233,0,True
2024-11-21 18:21:12.227265,113.0,66.0,0,0,SCANNING_RIGHT,LEFT,10.649129,0,True
2024-11-21 18:21:12.351117,112.0,66.0,0,0,SCANNING_RIGHT,LEFT,10.772981,0,True
2024-11-21 18:21:12.493865,111.0,66.0,0,0,SCANNING_RIGHT,LEFT,10.915729,0,True
2024-11-21 18:21:12.616405,110.0,66.0,0,0,SCANNING_RIGHT,LEFT,11.038269,0,True
2024-11-21 18:21:12.738097,109.0,67.0,0,0,SCANNING_RIGHT,LEFT,11.159961,0,True
2024-11-21 18:21:12.863682,108.0,67.0,0,0,SCANNING_RIGHT,LEFT,11.285546,0,True
2024-11-21 18:21:12.984257,107.0,67.0,0,0,SCANNING_RIGHT,LEFT,11.406121,0,True
2024-11-21 18:21:13.104269,106.0,67.0,0,0,SCANNING_RIGHT,LEFT,11.526133,0,True
2024-11-21 18:21:13.226073,105.0,66.0,0,0,SCANNING_RIGHT,LEFT,11.647937,0,True
2024-11-21 18:21:13.344691,104.0,66.0,0,0,SCANNING_RIGHT,LEFT,11.766555,0,True
2024-11-21 18:21:13.463017,103.0,66.0,0,0,SCANNING_RIGHT,LEFT,11.884881,0,True
2024-11-21 18:21:13.587590,102.0,66.0,0,0,SCANNING_RIGHT,LEFT,12.009454,0,True
2024-11-21 18:21:13.707514,101.0,66.0,0,0,SCANNING_RIGHT,LEFT,12.129378,0,True
2024-11-21 18:21:13.828268,100.0,66.0,0,0,SCANNING_RIGHT,LEFT,12.250132,0,True
2024-11-21 18:21:13.951121,99.0,61.0,0,0,SCANNING_RIGHT,LEFT,12.372985,0,True
2024-11-21 18:21:14.074588,98.0,66.0,0,0,SCANNING_RIGHT,LEFT,12.496452,0,True
2024-11-21 18:21:14.195922,97.0,66.0,0,0,SCANNING_RIGHT,LEFT,12.617786,0,True
2024-11-21 18:21:14.314232,96.0,67.0,0,0,SCANNING_RIGHT,LEFT,12.736096,0,True
2024-11-21 18:21:14.437347,95.0,67.0,0,0,SCANNING_RIGHT,LEFT,12.859211,0,True
2024-11-21 18:21:14.583084,94.0,66.0,0,0,SCANNING_RIGHT,LEFT,13.004948,0,True
2024-11-21 18:21:14.704989,93.0,66.0,0,0,SCANNING_RIGHT,LEFT,13.126853,0,True
2024-11-21 18:21:14.831098,92.0,57.0,1.9892713120425551,56.96527714008846,SCANNING_RIGHT,LEFT,13.252962,0,False
2024-11-21 18:21:14.955623,91.0,66.0,0,0,AT_CENTER,LEFT,13.377487,0,True
2024-11-21 18:21:15.081055,90.0,66.0,0,0,AT_CENTER,LEFT,13.502919,1,True
2024-11-21 18:21:15.198269,90.0,66.0,0,0,AT_CENTER,STATIONARY,13.620133,1,True
2024-11-21 18:21:15.329080,89.0,66.0,0,0,AT_CENTER,LEFT,13.750944,1,True
2024-11-21 18:21:15.462954,88.0,67.0,0,0,SCANNING_LEFT,LEFT,13.884818,1,True
2024-11-21 18:21:15.583393,87.0,66.0,0,0,SCANNING_LEFT,LEFT,14.005257,1,True
2024-11-21 18:21:15.705193,86.0,67.0,0,0,SCANNING_LEFT,LEFT,14.127057,1,True
2024-11-21 18:21:15.841745,85.0,67.0,0,0,SCANNING_LEFT,LEFT,14.263609,1,True
2024-11-21 18:21:15.965184,84.0,70.0,0,0,SCANNING_LEFT,LEFT,14.387048,1,True
2024-11-21 18:21:16.085586,83.0,69.0,0,0,SCANNING_LEFT,LEFT,14.50745,1,True
2024-11-21 18:21:16.208113,82.0,69.0,0,0,SCANNING_LEFT,LEFT,14.629977,1,True
2024-11-21 18:21:16.329827,81.0,69.0,0,0,SCANNING_LEFT,LEFT,14.751691,1,True
2024-11-21 18:21:16.453673,80.0,69.0,0,0,SCANNING_LEFT,LEFT,14.875537,1,True
2024-11-21 18:21:16.597156,79.0,69.0,0,0,SCANNING_LEFT,LEFT,15.01902,1,True
2024-11-21 18:21:16.717367,78.0,69.0,0,0,SCANNING_LEFT,LEFT,15.139231,1,True
2024-11-21 18:21:16.837592,77.0,69.0,0,0,SCANNING_LEFT,LEFT,15.259456,1,True
2024-11-21 18:21:16.955891,76.0,69.0,0,0,SCANNING_LEFT,LEFT,15.377755,1,True
2024-11-21 18:21:17.083216,75.0,69.0,0,0,SCANNING_LEFT,LEFT,15.504095,1,True
2024-11-21 18:21:17.208321,74.0,59.0,-16.26260399320295,56.714440060360815,SCANNING_LEFT,LEFT,15.630185,1,False
2024-11-21 18:21:17.331794,73.0,69.0,0,0,SCANNING_LEFT,LEFT,15.753658,1,True
2024-11-21 18:21:17.452579,72.0,69.0,0,0,SCANNING_LEFT,LEFT,15.874443,1,True
2024-11-21 18:21:17.579270,71.0,68.0,0,0,SCANNING_LEFT,LEFT,16.001134,1,True
2024-11-21 18:21:17.699492,70.0,68.0,0,0,SCANNING_LEFT,LEFT,16.121356,1,True
2024-11-21 18:21:17.818074,69.0,68.0,0,0,SCANNING_LEFT,LEFT,16.239938,1,True
2024-11-21 18:21:17.937969,68.0,68.0,0,0,SCANNING_LEFT,LEFT,16.359833,1,True
2024-11-21 18:21:18.058806,67.0,68.0,0,0,SCANNING_LEFT,LEFT,16.48067,1,True
2024-11-21 18:21:18.178688,66.0,68.0,0,0,SCANNING_LEFT,LEFT,16.600552,1,True
2024-11-21 18:21:18.299218,65.0,69.0,0,0,SCANNING_LEFT,LEFT,16.721082,1,True
2024-11-21 18:21:18.424940,65.0,68.0,0,0,SCANNING_LEFT,STATIONARY,16.846804,1,True
2024-11-21 18:21:18.548117,66.0,68.0,0,0,SCANNING_LEFT,RIGHT,16.969981,1,True
2024-11-21 18:21:18.690283,67.0,68.0,0,0,SCANNING_LEFT,RIGHT,17.112147,1,True
2024-11-21 18:21:18.812904,68.0,69.0,0,0,SCANNING_LEFT,RIGHT,17.234768,1,True
2024-11-21 18:21:18.933480,69.0,68.0,0,0,SCANNING_LEFT,RIGHT,17.355344,1,True
2024-11-21 18:21:19.057027,70.0,68.0,0,0,SCANNING_LEFT,RIGHT,17.478891,1,True
2024-11-21 18:21:19.176318,71.0,68.0,0,0,SCANNING_LEFT,RIGHT,17.598182,1,True
2024-11-21 18:21:19.297664,72.0,68.0,0,0,SCANNING_LEFT,RIGHT,17.719528,1,True
2024-11-21 18:21:19.432730,73.0,68.0,0,0,SCANNING_LEFT,RIGHT,17.854594,1,True
2024-11-21 18:21:19.555102,74.0,68.0,0,0,SCANNING_LEFT,RIGHT,17.976966,1,True
2024-11-21 18:21:19.674819,75.0,68.0,0,0,SCANNING_LEFT,RIGHT,18.096683,1,True
2024-11-21 18:21:19.795821,76.0,68.0,0,0,SCANNING_LEFT,RIGHT,18.217685,1,True
2024-11-21 18:21:19.914029,77.0,69.0,0,0,SCANNING_LEFT,RIGHT,18.335893,1,True
2024-11-21 18:21:20.039035,78.0,69.0,0,0,SCANNING_LEFT,RIGHT,18.460899,1,True
2024-11-21 18:21:20.166119,79.0,69.0,0,0,SCANNING_LEFT,RIGHT,18.587983,1,True
2024-11-21 18:21:20.288386,80.0,70.0,0,0,SCANNING_LEFT,RIGHT,18.71025,1,True
2024-11-21 18:21:20.408457,81.0,69.0,0,0,SCANNING_LEFT,RIGHT,18.830321,1,True
2024-11-21 18:21:20.530317,82.0,69.0,0,0,SCANNING_LEFT,RIGHT,18.952181,1,True
2024-11-21 18:21:20.651698,83.0,69.0,0,0,SCANNING_LEFT,RIGHT,19.073562,1,True
2024-11-21 18:21:20.798833,84.0,69.0,0,0,SCANNING_LEFT,RIGHT,19.220697,1,True
2024-11-21 18:21:20.917858,85.0,69.0,0,0,SCANNING_LEFT,RIGHT,19.339722,1,True
2024-11-21 18:21:21.038197,86.0,62.0,0,0,SCANNING_LEFT,RIGHT,19.460061,1,True
2024-11-21 18:21:21.160278,87.0,69.0,0,0,SCANNING_LEFT,RIGHT,19.582142,1,True
2024-11-21 18:21:21.281518,88.0,69.0,0,0,SCANNING_LEFT,RIGHT,19.703382,1,True
2024-11-21 18:21:21.403047,89.0,67.0,0,0,AT_CENTER,RIGHT,19.824911,1,True
2024-11-21 18:21:21.521069,90.0,67.0,0,0,AT_CENTER,RIGHT,19.942933,1,True
2024-11-21 18:21:21.642722,90.0,66.0,0,0,AT_CENTER,STATIONARY,20.064586,1,True
2024-11-21 18:21:21.766520,91.0,66.0,0,0,AT_CENTER,RIGHT,20.188384,1,True
2024-11-21 18:21:21.886911,92.0,66.0,0,0,SCANNING_RIGHT,RIGHT,20.308775,1,True
2024-11-21 18:21:22.010536,93.0,66.0,0,0,SCANNING_RIGHT,RIGHT,20.4324,1,True
2024-11-21 18:21:22.132781,94.0,66.0,0,0,SCANNING_RIGHT,RIGHT,20.554645,1,True
2024-11-21 18:21:22.252178,95.0,66.0,0,0,SCANNING_RIGHT,RIGHT,20.674042,1,True
2024-11-21 18:21:22.374702,96.0,66.0,0,0,SCANNING_RIGHT,RIGHT,20.796566,1,True
2024-11-21 18:21:22.502585,97.0,66.0,0,0,SCANNING_RIGHT,RIGHT,20.924449,1,True
2024-11-21 18:21:22.622891,98.0,67.0,0,0,SCANNING_RIGHT,RIGHT,21.044755,1,True
2024-11-21 18:21:22.769093,99.0,66.0,0,0,SCANNING_RIGHT,RIGHT,21.190957,1,True
2024-11-21 18:21:22.891943,100.0,67.0,0,0,SCANNING_RIGHT,RIGHT,21.313807,1,True
2024-11-21 18:21:23.010341,101.0,66.0,0,0,SCANNING_RIGHT,RIGHT,21.432205,1,True
2024-11-21 18:21:23.135078,102.0,66.0,0,0,SCANNING_RIGHT,RIGHT,21.556942,1,True
2024-11-21 18:21:23.252623,103.0,66.0,0,0,SCANNING_RIGHT,RIGHT,21.674487,1,True
2024-11-21 18:21:23.371434,104.0,66.0,0,0,SCANNING_RIGHT,RIGHT,21.793298,1,True
2024-11-21 18:21:23.490811,105.0,66.0,0,0,SCANNING_RIGHT,RIGHT,21.912675,1,True
2024-11-21 18:21:23.613910,106.0,66.0,0,0,SCANNING_RIGHT,RIGHT,22.035774,1,True
2024-11-21 18:21:23.741372,107.0,66.0,0,0,SCANNING_RIGHT,RIGHT,22.163236,1,True
2024-11-21 18:21:23.867108,108.0,66.0,0,0,SCANNING_RIGHT,RIGHT,22.288972,1,True
2024-11-21 18:21:24.002673,109.0,66.0,0,0,SCANNING_RIGHT,RIGHT,22.424537,1,True
2024-11-21 18:21:24.122841,110.0,67.0,0,0,SCANNING_RIGHT,RIGHT,22.544705,1,True
2024-11-21 18:21:24.243975,111.0,67.0,0,0,SCANNING_RIGHT,RIGHT,22.665839,1,True
2024-11-21 18:21:24.365293,112.0,67.0,0,0,SCANNING_RIGHT,RIGHT,22.787157,1,True
2024-11-21 18:21:24.494924,113.0,66.0,0,0,SCANNING_RIGHT,RIGHT,22.916788,1,True
2024-11-21 18:21:24.621978,114.0,66.0,0,0,SCANNING_RIGHT,RIGHT,23.043842,1,True
2024-11-21 18:21:24.740962,115.0,66.0,0,0,SCANNING_RIGHT,RIGHT,23.162826,1,True
2024-11-21 18:21:24.883365,115.0,66.0,0,0,SCANNING_RIGHT,STATIONARY,23.305229,1,True
2024-11-21 18:21:25.002967,114.0,66.0,0,0,SCANNING_RIGHT,LEFT,23.424831,1,True
2024-11-21 18:21:25.123998,113.0,66.0,0,0,SCANNING_RIGHT,LEFT,23.545862,1,True
2024-11-21 18:21:25.249476,112.0,66.0,0,0,SCANNING_RIGHT,LEFT,23.67134,1,True
2024-11-21 18:21:25.369117,111.0,66.0,0,0,SCANNING_RIGHT,LEFT,23.790981,1,True
2024-11-21 18:21:25.494686,110.0,66.0,0,0,SCANNING_RIGHT,LEFT,23.91655,1,True
2024-11-21 18:21:25.614333,109.0,66.0,0,0,SCANNING_RIGHT,LEFT,24.036197,1,True
2024-11-21 18:21:25.737161,108.0,67.0,0,0,SCANNING_RIGHT,LEFT,24.159025,1,True
2024-11-21 18:21:25.858967,107.0,66.0,0,0,SCANNING_RIGHT,LEFT,24.280831,1,True
2024-11-21 18:21:25.980165,106.0,66.0,0,0,SCANNING_RIGHT,LEFT,24.402029,1,True
2024-11-21 18:21:26.102282,105.0,66.0,0,0,SCANNING_RIGHT,LEFT,24.524146,1,True
2024-11-21 18:21:26.222432,104.0,66.0,0,0,SCANNING_RIGHT,LEFT,24.644296,1,True
2024-11-21 18:21:26.345707,103.0,66.0,0,0,SCANNING_RIGHT,LEFT,24.767571,1,True
2024-11-21 18:21:26.470753,102.0,66.0,0,0,SCANNING_RIGHT,LEFT,24.892617,1,True
2024-11-21 18:21:26.591295,101.0,66.0,0,0,SCANNING_RIGHT,LEFT,25.013159,1,True
2024-11-21 18:21:26.711014,100.0,66.0,0,0,SCANNING_RIGHT,LEFT,25.132878,1,True
2024-11-21 18:21:26.849258,99.0,66.0,0,0,SCANNING_RIGHT,LEFT,25.271122,1,True
2024-11-21 18:21:26.967773,98.0,67.0,0,0,SCANNING_RIGHT,LEFT,25.389637,1,True
2024-11-21 18:21:27.090475,97.0,67.0,0,0,SCANNING_RIGHT,LEFT,25.512339,1,True
2024-11-21 18:21:27.212068,96.0,66.0,0,0,SCANNING_RIGHT,LEFT,25.633932,1,True
2024-11-21 18:21:27.333099,95.0,67.0,0,0,SCANNING_RIGHT,LEFT,25.754963,1,True
2024-11-21 18:21:27.454649,94.0,67.0,0,0,SCANNING_RIGHT,LEFT,25.876513,1,True
2024-11-21 18:21:27.577535,93.0,66.0,0,0,SCANNING_RIGHT,LEFT,25.999399,1,True
2024-11-21 18:21:27.696668,92.0,66.0,0,0,SCANNING_RIGHT,LEFT,26.118532,1,True
2024-11-21 18:21:27.821719,91.0,66.0,0,0,AT_CENTER,LEFT,26.243583,1,True
2024-11-21 18:21:27.942925,90.0,66.0,0,0,AT_CENTER,LEFT,26.364789,2,True
2024-11-21 18:21:28.062543,90.0,66.0,0,0,AT_CENTER,STATIONARY,26.484407,2,True
2024-11-21 18:21:28.185670,89.0,66.0,0,0,AT_CENTER,LEFT,26.607534,2,True
2024-11-21 18:21:28.308866,88.0,61.0,0,0,SCANNING_LEFT,LEFT,26.73073,2,True
2024-11-21 18:21:28.429014,87.0,67.0,0,0,SCANNING_LEFT,LEFT,26.850878,2,True
2024-11-21 18:21:28.553070,86.0,67.0,0,0,SCANNING_LEFT,LEFT,26.974934,2,True
2024-11-21 18:21:28.673497,85.0,69.0,0,0,SCANNING_LEFT,LEFT,27.095361,2,True
2024-11-21 18:21:28.800085,84.0,69.0,0,0,SCANNING_LEFT,LEFT,27.221949,2,True
2024-11-21 18:21:28.946927,83.0,69.0,0,0,SCANNING_LEFT,LEFT,27.368791,2,True
2024-11-21 18:21:29.068024,82.0,69.0,0,0,SCANNING_LEFT,LEFT,27.489888,2,True
2024-11-21 18:21:29.187796,81.0,69.0,0,0,SCANNING_LEFT,LEFT,27.60966,2,True
2024-11-21 18:21:29.311012,80.0,69.0,0,0,SCANNING_LEFT,LEFT,27.732876,2,True
2024-11-21 18:21:29.434568,79.0,69.0,0,0,SCANNING_LEFT,LEFT,27.856432,2,True
2024-11-21 18:21:29.558547,78.0,69.0,0,0,SCANNING_LEFT,LEFT,27.980411,2,True
2024-11-21 18:21:29.682207,77.0,69.0,0,0,SCANNING_LEFT,LEFT,28.104071,2,True
2024-11-21 18:21:29.804183,76.0,69.0,0,0,SCANNING_LEFT,LEFT,28.226047,2,True
2024-11-21 18:21:29.921257,75.0,69.0,0,0,SCANNING_LEFT,LEFT,28.343121,2,True
2024-11-21 18:21:30.044100,74.0,69.0,0,0,SCANNING_LEFT,LEFT,28.465964,2,True
2024-11-21 18:21:30.169776,73.0,69.0,0,0,SCANNING_LEFT,LEFT,28.59164,2,True
2024-11-21 18:21:30.289234,72.0,69.0,0,0,SCANNING_LEFT,LEFT,28.711098,2,True
2024-11-21 18:21:30.411253,71.0,68.0,0,0,SCANNING_LEFT,LEFT,28.833117,2,True
2024-11-21 18:21:30.533669,70.0,68.0,0,0,SCANNING_LEFT,LEFT,28.955533,2,True
2024-11-21 18:21:30.653896,69.0,68.0,0,0,SCANNING_LEFT,LEFT,29.07576,2,True
2024-11-21 18:21:30.777392,68.0,68.0,0,0,SCANNING_LEFT,LEFT,29.199256,2,True
2024-11-21 18:21:30.894040,67.0,68.0,0,0,SCANNING_LEFT,LEFT,29.315904,2,True
2024-11-21 18:21:31.039912,66.0,68.0,0,0,SCANNING_LEFT,LEFT,29.461776,2,True
2024-11-21 18:21:31.166915,65.0,68.0,0,0,SCANNING_LEFT,LEFT,29.588779,2,True
2024-11-21 18:21:31.297367,65.0,68.0,0,0,SCANNING_LEFT,STATIONARY,29.719231,2,True
2024-11-21 18:21:31.421012,66.0,68.0,0,0,SCANNING_LEFT,RIGHT,29.842876,2,True
2024-11-21 18:21:31.544887,67.0,68.0,0,0,SCANNING_LEFT,RIGHT,29.966751,2,True
2024-11-21 18:21:31.671499,68.0,68.0,0,0,SCANNING_LEFT,RIGHT,30.093363,2,True
2024-11-21 18:21:31.791107,69.0,68.0,0,0,SCANNING_LEFT,RIGHT,30.212971,2,True
2024-11-21 18:21:31.912961,70.0,68.0,0,0,SCANNING_LEFT,RIGHT,30.334825,2,True
2024-11-21 18:21:32.034862,71.0,68.0,0,0,SCANNING_LEFT,RIGHT,30.456726,2,True
2024-11-21 18:21:32.161240,72.0,57.0,-17.613968679372,54.21022142882375,SCANNING_LEFT,RIGHT,30.583104,2,False
2024-11-21 18:21:32.285754,73.0,68.0,0,0,SCANNING_LEFT,RIGHT,30.707618,2,True
2024-11-21 18:21:32.408938,74.0,68.0,0,0,SCANNING_LEFT,RIGHT,30.830802,2,True
2024-11-21 18:21:32.530584,75.0,68.0,0,0,SCANNING_LEFT,RIGHT,30.952448,2,True
2024-11-21 18:21:32.655403,76.0,68.0,0,0,SCANNING_LEFT,RIGHT,31.077267,2,True
2024-11-21 18:21:32.777286,77.0,69.0,0,0,SCANNING_LEFT,RIGHT,31.19915,2,True
2024-11-21 18:21:32.921653,78.0,68.0,0,0,SCANNING_LEFT,RIGHT,31.343517,2,True
2024-11-21 18:21:33.074679,79.0,69.0,0,0,SCANNING_LEFT,RIGHT,31.496543,2,True
2024-11-21 18:21:33.193897,80.0,68.0,0,0,SCANNING_LEFT,RIGHT,31.615761,2,True
2024-11-21 18:21:33.314299,81.0,68.0,0,0,SCANNING_LEFT,RIGHT,31.736163,2,True
2024-11-21 18:21:33.438470,82.0,68.0,0,0,SCANNING_LEFT,RIGHT,31.860334,2,True
2024-11-21 18:21:33.557387,83.0,68.0,0,0,SCANNING_LEFT,RIGHT,31.979251,2,True
2024-11-21 18:21:33.679057,84.0,68.0,0,0,SCANNING_LEFT,RIGHT,32.100921,2,True
2024-11-21 18:21:33.801139,85.0,69.0,0,0,SCANNING_LEFT,RIGHT,32.223003,2,True
2024-11-21 18:21:33.920436,86.0,68.0,0,0,SCANNING_LEFT,RIGHT,32.3423,2,True
2024-11-21 18:21:34.041451,87.0,67.0,0,0,SCANNING_LEFT,RIGHT,32.463315,2,True
2024-11-21 18:21:34.167446,88.0,67.0,0,0,SCANNING_LEFT,RIGHT,32.58931,2,True
2024-11-21 18:21:34.289293,89.0,66.0,0,0,AT_CENTER,RIGHT,32.711157,2,True
2024-11-21 18:21:34.411601,90.0,66.0,0,0,AT_CENTER,RIGHT,32.833465,2,True
2024-11-21 18:21:34.539570,90.0,66.0,0,0,AT_CENTER,STATIONARY,32.961434,2,True
2024-11-21 18:21:34.659158,91.0,66.0,0,0,AT_CENTER,RIGHT,33.081022,2,True
2024-11-21 18:21:34.782170,92.0,66.0,0,0,SCANNING_RIGHT,RIGHT,33.204034,2,True
2024-11-21 18:21:34.905529,93.0,66.0,0,0,SCANNING_RIGHT,RIGHT,33.327393,2,True
2024-11-21 18:21:35.024132,94.0,66.0,0,0,SCANNING_RIGHT,RIGHT,33.445996,2,True
2024-11-21 18:21:35.168672,95.0,67.0,0,0,SCANNING_RIGHT,RIGHT,33.590536,2,True
2024-11-21 18:21:35.292207,96.0,66.0,0,0,SCANNING_RIGHT,RIGHT,33.714071,2,True
2024-11-21 18:21:35.413275,97.0,58.0,7.068421917498553,57.567676795196675,SCANNING_RIGHT,RIGHT,33.835139,2,False
2024-11-21 18:21:35.535050,98.0,67.0,0,0,SCANNING_RIGHT,RIGHT,33.956914,2,True
2024-11-21 18:21:35.655384,99.0,67.0,0,0,SCANNING_RIGHT,RIGHT,34.077248,2,True
2024-11-21 18:21:35.773251,100.0,66.0,0,0,SCANNING_RIGHT,RIGHT,34.195115,2,True
2024-11-21 18:21:35.890728,101.0,66.0,0,0,SCANNING_RIGHT,RIGHT,34.312592,2,True
2024-11-21 18:21:36.013123,102.0,66.0,0,0,SCANNING_RIGHT,RIGHT,34.434987,2,True
2024-11-21 18:21:36.133630,103.0,66.0,0,0,SCANNING_RIGHT,RIGHT,34.555494,2,True
2024-11-21 18:21:36.254876,104.0,66.0,0,0,SCANNING_RIGHT,RIGHT,34.67674,2,True
2024-11-21 18:21:36.381906,105.0,66.0,0,0,SCANNING_RIGHT,RIGHT,34.80377,2,True
2024-11-21 18:21:36.507481,106.0,66.0,0,0,SCANNING_RIGHT,RIGHT,34.929345,2,True
2024-11-21 18:21:36.634820,107.0,66.0,0,0,SCANNING_RIGHT,RIGHT,35.056684,2,True
2024-11-21 18:21:36.758811,108.0,66.0,0,0,SCANNING_RIGHT,RIGHT,35.180675,2,True
2024-11-21 18:21:36.877579,109.0,66.0,0,0,SCANNING_RIGHT,RIGHT,35.299443,2,True
2024-11-21 18:21:36.996664,110.0,67.0,0,0,SCANNING_RIGHT,RIGHT,35.418528,2,True
2024-11-21 18:21:37.142198,111.0,67.0,0,0,SCANNING_RIGHT,RIGHT,35.564062,2,True
2024-11-21 18:21:37.260771,112.0,66.0,0,0,SCANNING_RIGHT,RIGHT,35.682635,2,True
2024-11-21 18:21:37.378732,113.0,66.0,0,0,SCANNING_RIGHT,RIGHT,35.800596,2,True
2024-11-21 18:21:37.505283,114.0,66.0,0,0,SCANNING_RIGHT,RIGHT,35.927147,2,True
2024-11-21 18:21:37.629719,115.0,66.0,0,0,SCANNING_RIGHT,RIGHT,36.051583,2,True
2024-11-21 18:21:37.755216,115.0,66.0,0,0,SCANNING_RIGHT,STATIONARY,36.17708,2,True
2024-11-21 18:21:37.875145,114.0,66.0,0,0,SCANNING_RIGHT,LEFT,36.297009,2,True
2024-11-21 18:21:37.996684,113.0,66.0,0,0,SCANNING_RIGHT,LEFT,36.418548,2,True
2024-11-21 18:21:38.120213,112.0,66.0,0,0,SCANNING_RIGHT,LEFT,36.542077,2,True
2024-11-21 18:21:38.241788,111.0,66.0,0,0,SCANNING_RIGHT,LEFT,36.663652,2,True
2024-11-21 18:21:38.361183,110.0,66.0,0,0,SCANNING_RIGHT,LEFT,36.783047,2,True
2024-11-21 18:21:38.487068,109.0,66.0,0,0,SCANNING_RIGHT,LEFT,36.908932,2,True
2024-11-21 18:21:38.613637,108.0,67.0,0,0,SCANNING_RIGHT,LEFT,37.035501,2,True
2024-11-21 18:21:38.738131,107.0,67.0,0,0,SCANNING_RIGHT,LEFT,37.159995,2,True
2024-11-21 18:21:38.858236,106.0,66.0,0,0,SCANNING_RIGHT,LEFT,37.2801,2,True
2024-11-21 18:21:38.980089,105.0,66.0,0,0,SCANNING_RIGHT,LEFT,37.401953,2,True
2024-11-21 18:21:39.098949,104.0,66.0,0,0,SCANNING_RIGHT,LEFT,37.520813,2,True
2024-11-21 18:21:39.240499,103.0,66.0,0,0,SCANNING_RIGHT,LEFT,37.662363,2,True
2024-11-21 18:21:39.359496,102.0,66.0,0,0,SCANNING_RIGHT,LEFT,37.78136,2,True
2024-11-21 18:21:39.486578,101.0,56.0,10.685303741086509,54.971122273069184,SCANNING_RIGHT,LEFT,37.908442,2,False
2024-11-21 18:21:39.606566,100.0,66.0,0,0,SCANNING_RIGHT,LEFT,38.02843,2,True
2024-11-21 18:21:39.726172,99.0,66.0,0,0,SCANNING_RIGHT,LEFT,38.148036,2,True
2024-11-21 18:21:39.842123,98.0,66.0,0,0,SCANNING_RIGHT,LEFT,38.263987,2,True
2024-11-21 18:21:39.961532,97.0,66.0,0,0,SCANNING_RIGHT,LEFT,38.383396,2,True
2024-11-21 18:21:40.079368,96.0,67.0,0,0,SCANNING_RIGHT,LEFT,38.501232,2,True
2024-11-21 18:21:40.198310,95.0,67.0,0,0,SCANNING_RIGHT,LEFT,38.620174,2,True
2024-11-21 18:21:40.322240,94.0,58.0,4.045875477159267,57.858714915069804,SCANNING_RIGHT,LEFT,38.744104,2,False
2024-11-21 18:21:40.442763,93.0,66.0,0,0,SCANNING_RIGHT,LEFT,38.864627,2,True
2024-11-21 18:21:40.563842,92.0,67.0,0,0,SCANNING_RIGHT,LEFT,38.985706,2,True
2024-11-21 18:21:40.687161,91.0,66.0,0,0,AT_CENTER,LEFT,39.109025,2,True
2024-11-21 18:21:40.811634,90.0,66.0,0,0,AT_CENTER,LEFT,39.233498,3,True
2024-11-21 18:21:40.933275,90.0,67.0,0,0,AT_CENTER,STATIONARY,39.355139,3,True
2024-11-21 18:21:41.054131,89.0,67.0,0,0,AT_CENTER,LEFT,39.475995,3,True
2024-11-21 18:21:41.177444,88.0,56.0,-1.9543718153400542,55.96588631306936,SCANNING_LEFT,LEFT,39.599308,3,False
2024-11-21 18:21:41.318100,87.0,67.0,0,0,SCANNING_LEFT,LEFT,39.739964,3,True
2024-11-21 18:21:41.438168,86.0,67.0,0,0,SCANNING_LEFT,LEFT,39.860032,3,True
2024-11-21 18:21:41.559060,85.0,67.0,0,0,SCANNING_LEFT,LEFT,39.980924,3,True
2024-11-21 18:21:41.680561,84.0,70.0,0,0,SCANNING_LEFT,LEFT,40.102425,3,True
2024-11-21 18:21:41.802948,83.0,69.0,0,0,SCANNING_LEFT,LEFT,40.224812,3,True
2024-11-21 18:21:41.920233,82.0,69.0,0,0,SCANNING_LEFT,LEFT,40.342097,3,True
2024-11-21 18:21:42.046265,81.0,69.0,0,0,SCANNING_LEFT,LEFT,40.468129,3,True
2024-11-21 18:21:42.166251,80.0,69.0,0,0,SCANNING_LEFT,LEFT,40.588115,3,True
2024-11-21 18:21:42.284847,79.0,69.0,0,0,SCANNING_LEFT,LEFT,40.706711,3,True
2024-11-21 18:21:42.407470,78.0,69.0,0,0,SCANNING_LEFT,LEFT,40.829334,3,True
2024-11-21 18:21:42.528660,77.0,69.0,0,0,SCANNING_LEFT,LEFT,40.950524,3,True
2024-11-21 18:21:42.655575,76.0,69.0,0,0,SCANNING_LEFT,LEFT,41.077439,3,True
2024-11-21 18:21:42.784391,75.0,69.0,0,0,SCANNING_LEFT,LEFT,41.206255,3,True
2024-11-21 18:21:42.907199,74.0,70.0,0,0,SCANNING_LEFT,LEFT,41.329063,3,True
2024-11-21 18:21:43.027597,73.0,69.0,0,0,SCANNING_LEFT,LEFT,41.449461,3,True
2024-11-21 18:21:43.146317,72.0,69.0,0,0,SCANNING_LEFT,LEFT,41.568181,3,True
2024-11-21 18:21:43.291233,71.0,68.0,0,0,SCANNING_LEFT,LEFT,41.713097,3,True
2024-11-21 18:21:43.410089,70.0,68.0,0,0,SCANNING_LEFT,LEFT,41.831953,3,True
2024-11-21 18:21:43.529604,69.0,68.0,0,0,SCANNING_LEFT,LEFT,41.951468,3,True
2024-11-21 18:21:43.653788,68.0,68.0,0,0,SCANNING_LEFT,LEFT,42.075652,3,True
2024-11-21 18:21:43.772388,67.0,68.0,0,0,SCANNING_LEFT,LEFT,42.194252,3,True
2024-11-21 18:21:43.892808,66.0,68.0,0,0,SCANNING_LEFT,LEFT,42.314672,3,True
2024-11-21 18:21:44.009960,65.0,68.0,0,0,SCANNING_LEFT,LEFT,42.431824,3,True
2024-11-21 18:21:44.131519,65.0,68.0,0,0,SCANNING_LEFT,STATIONARY,42.553383,3,True
2024-11-21 18:21:44.252162,66.0,69.0,0,0,SCANNING_LEFT,RIGHT,42.674026,3,True
2024-11-21 18:21:44.373858,67.0,69.0,0,0,SCANNING_LEFT,RIGHT,42.795722,3,True
2024-11-21 18:21:44.495915,68.0,68.0,0,0,SCANNING_LEFT,RIGHT,42.917779,3,True
2024-11-21 18:21:44.619552,69.0,68.0,0,0,SCANNING_LEFT,RIGHT,43.041416,3,True
2024-11-21 18:21:44.744747,70.0,68.0,0,0,SCANNING_LEFT,RIGHT,43.166611,3,True
2024-11-21 18:21:44.862736,71.0,68.0,0,0,SCANNING_LEFT,RIGHT,43.2846,3,True
2024-11-21 18:21:44.985694,72.0,68.0,0,0,SCANNING_LEFT,RIGHT,43.407558,3,True
2024-11-21 18:21:45.109110,73.0,68.0,0,0,SCANNING_LEFT,RIGHT,43.530974,3,True
2024-11-21 18:21:45.230036,74.0,68.0,0,0,SCANNING_LEFT,RIGHT,43.6519,3,True
2024-11-21 18:21:45.372845,75.0,69.0,0,0,SCANNING_LEFT,RIGHT,43.794709,3,True
2024-11-21 18:21:45.494696,76.0,69.0,0,0,SCANNING_LEFT,RIGHT,43.91656,3,True
2024-11-21 18:21:45.614294,77.0,69.0,0,0,SCANNING_LEFT,RIGHT,44.036158,3,True
2024-11-21 18:21:45.740307,78.0,69.0,0,0,SCANNING_LEFT,RIGHT,44.162171,3,True
2024-11-21 18:21:45.860384,79.0,69.0,0,0,SCANNING_LEFT,RIGHT,44.282248,3,True
2024-11-21 18:21:45.979824,80.0,69.0,0,0,SCANNING_LEFT,RIGHT,44.401688,3,True
2024-11-21 18:21:46.105448,81.0,69.0,0,0,SCANNING_LEFT,RIGHT,44.527312,3,True
2024-11-21 18:21:46.227635,82.0,68.0,0,0,SCANNING_LEFT,RIGHT,44.649499,3,True
2024-11-21 18:21:46.349351,83.0,68.0,0,0,SCANNING_LEFT,RIGHT,44.771215,3,True
2024-11-21 18:21:46.470034,84.0,65.0,0,0,SCANNING_LEFT,RIGHT,44.891898,3,True
2024-11-21 18:21:46.594068,85.0,69.0,0,0,SCANNING_LEFT,RIGHT,45.015932,3,True
2024-11-21 18:21:46.720885,86.0,69.0,0,0,SCANNING_LEFT,RIGHT,45.142749,3,True
2024-11-21 18:21:46.843295,87.0,67.0,0,0,SCANNING_LEFT,RIGHT,45.265159,3,True
2024-11-21 18:21:46.964918,88.0,68.0,0,0,SCANNING_LEFT,RIGHT,45.386782,3,True
2024-11-21 18:21:47.084970,89.0,67.0,0,0,AT_CENTER,RIGHT,45.506834,3,True
2024-11-21 18:21:47.208463,90.0,66.0,0,0,AT_CENTER,RIGHT,45.630327,3,True
2024-11-21 18:21:47.356260,90.0,66.0,0,0,AT_CENTER,STATIONARY,45.778124,3,True
2024-11-21 18:21:47.475226,91.0,66.0,0,0,AT_CENTER,RIGHT,45.89709,3,True
2024-11-21 18:21:47.598715,92.0,66.0,0,0,SCANNING_RIGHT,RIGHT,46.020579,3,True
2024-11-21 18:21:47.721308,93.0,66.0,0,0,SCANNING_RIGHT,RIGHT,46.143172,3,True
2024-11-21 18:21:47.843056,94.0,66.0,0,0,SCANNING_RIGHT,RIGHT,46.26492,3,True
2024-11-21 18:21:47.964084,95.0,66.0,0,0,SCANNING_RIGHT,RIGHT,46.385948,3,True
2024-11-21 18:21:48.086130,96.0,66.0,0,0,SCANNING_RIGHT,RIGHT,46.507994,3,True
2024-11-21 18:21:48.207655,97.0,67.0,0,0,SCANNING_RIGHT,RIGHT,46.629519,3,True
2024-11-21 18:21:48.331285,98.0,67.0,0,0,SCANNING_RIGHT,RIGHT,46.753149,3,True
2024-11-21 18:21:48.455752,99.0,67.0,0,0,SCANNING_RIGHT,RIGHT,46.877616,3,True
2024-11-21 18:21:48.578331,100.0,66.0,0,0,SCANNING_RIGHT,RIGHT,47.000195,3,True
2024-11-21 18:21:48.701228,101.0,66.0,0,0,SCANNING_RIGHT,RIGHT,47.123092,3,True
2024-11-21 18:21:48.832113,102.0,66.0,0,0,SCANNING_RIGHT,RIGHT,47.253977,3,True
2024-11-21 18:21:48.957672,103.0,66.0,0,0,SCANNING_RIGHT,RIGHT,47.379536,3,True
2024-11-21 18:21:49.081179,104.0,66.0,0,0,SCANNING_RIGHT,RIGHT,47.503043,3,True
2024-11-21 18:21:49.204259,105.0,66.0,0,0,SCANNING_RIGHT,RIGHT,47.626123,3,True
2024-11-21 18:21:49.322672,106.0,66.0,0,0,SCANNING_RIGHT,RIGHT,47.744536,3,True
2024-11-21 18:21:49.466498,107.0,66.0,0,0,SCANNING_RIGHT,RIGHT,47.888362,3,True
2024-11-21 18:21:49.586407,108.0,66.0,0,0,SCANNING_RIGHT,RIGHT,48.008271,3,True
2024-11-21 18:21:49.708163,109.0,66.0,0,0,SCANNING_RIGHT,RIGHT,48.130027,3,True
2024-11-21 18:21:49.829291,110.0,66.0,0,0,SCANNING_RIGHT,RIGHT,48.251155,3,True
2024-11-21 18:21:49.954152,111.0,67.0,0,0,SCANNING_RIGHT,RIGHT,48.376016,3,True
2024-11-21 18:21:50.072050,112.0,66.0,0,0,SCANNING_RIGHT,RIGHT,48.493914,3,True
2024-11-21 18:21:50.192027,113.0,66.0,0,0,SCANNING_RIGHT,RIGHT,48.613891,3,True
2024-11-21 18:21:50.311649,114.0,66.0,0,0,SCANNING_RIGHT,RIGHT,48.733513,3,True
2024-11-21 18:21:50.434692,115.0,66.0,0,0,SCANNING_RIGHT,RIGHT,48.856556,3,True
2024-11-21 18:21:50.565024,115.0,66.0,0,0,SCANNING_RIGHT,STATIONARY,48.986888,3,True
2024-11-21 18:21:50.688221,114.0,66.0,0,0,SCANNING_RIGHT,LEFT,49.110085,3,True
2024-11-21 18:21:50.816092,113.0,66.0,0,0,SCANNING_RIGHT,LEFT,49.237956,3,True
2024-11-21 18:21:50.936260,112.0,66.0,0,0,SCANNING_RIGHT,LEFT,49.358124,3,True
2024-11-21 18:21:51.059239,111.0,66.0,0,0,SCANNING_RIGHT,LEFT,49.481103,3,True
2024-11-21 18:21:51.186821,110.0,66.0,0,0,SCANNING_RIGHT,LEFT,49.608685,3,True
2024-11-21 18:21:51.309580,109.0,66.0,0,0,SCANNING_RIGHT,LEFT,49.73054,3,True
2024-11-21 18:21:51.435679,108.0,67.0,0,0,SCANNING_RIGHT,LEFT,49.857543,3,True
2024-11-21 18:21:51.577527,107.0,66.0,0,0,SCANNING_RIGHT,LEFT,49.999391,3,True
2024-11-21 18:21:51.699746,106.0,67.0,0,0,SCANNING_RIGHT,LEFT,50.12161,3,True
2024-11-21 18:21:51.821282,105.0,66.0,0,0,SCANNING_RIGHT,LEFT,50.243146,3,True
2024-11-21 18:21:51.939745,104.0,66.0,0,0,SCANNING_RIGHT,LEFT,50.361609,3,True
2024-11-21 18:21:52.058033,103.0,66.0,0,0,SCANNING_RIGHT,LEFT,50.479897,3,True
2024-11-21 18:21:52.179830,102.0,66.0,0,0,SCANNING_RIGHT,LEFT,50.601694,3,True
2024-11-21 18:21:52.297383,101.0,66.0,0,0,SCANNING_RIGHT,LEFT,50.719247,3,True
2024-11-21 18:21:52.420109,100.0,66.0,0,0,SCANNING_RIGHT,LEFT,50.841973,3,True
2024-11-21 18:21:52.542260,99.0,66.0,0,0,SCANNING_RIGHT,LEFT,50.964124,3,True
2024-11-21 18:21:52.659608,98.0,66.0,0,0,SCANNING_RIGHT,LEFT,51.081472,3,True
2024-11-21 18:21:52.786018,97.0,66.0,0,0,SCANNING_RIGHT,LEFT,51.207882,3,True
2024-11-21 18:21:52.911682,96.0,66.0,0,0,SCANNING_RIGHT,LEFT,51.333546,3,True
2024-11-21 18:21:53.033190,95.0,66.0,0,0,SCANNING_RIGHT,LEFT,51.455054,3,True
2024-11-21 18:21:53.156823,94.0,67.0,0,0,SCANNING_RIGHT,LEFT,51.578687,3,True
2024-11-21 18:21:53.277556,93.0,66.0,0,0,SCANNING_RIGHT,LEFT,51.69942,3,True
2024-11-21 18:21:53.399820,92.0,66.0,0,0,SCANNING_RIGHT,LEFT,51.821684,3,True
2024-11-21 18:21:53.545344,91.0,67.0,0,0,AT_CENTER,LEFT,51.967208,3,True
2024-11-21 18:21:53.669167,90.0,66.0,0,0,AT_CENTER,LEFT,52.091031,4,True
2024-11-21 18:21:53.795420,90.0,66.0,0,0,AT_CENTER,STATIONARY,52.217284,4,True
2024-11-21 18:21:53.925501,89.0,66.0,0,0,AT_CENTER,LEFT,52.347365,4,True
2024-11-21 18:21:54.051255,88.0,67.0,0,0,SCANNING_LEFT,LEFT,52.473119,4,True
2024-11-21 18:21:54.169941,87.0,67.0,0,0,SCANNING_LEFT,LEFT,52.591805,4,True
2024-11-21 18:21:54.296692,86.0,67.0,0,0,SCANNING_LEFT,LEFT,52.718556,4,True
2024-11-21 18:21:54.416472,85.0,67.0,0,0,SCANNING_LEFT,LEFT,52.838336,4,True
2024-11-21 18:21:54.539245,84.0,70.0,0,0,SCANNING_LEFT,LEFT,52.961109,4,True
2024-11-21 18:21:54.667682,83.0,69.0,0,0,SCANNING_LEFT,LEFT,53.089546,4,True
2024-11-21 18:21:54.796449,82.0,69.0,0,0,SCANNING_LEFT,LEFT,53.218313,4,True
2024-11-21 18:21:54.919702,81.0,69.0,0,0,SCANNING_LEFT,LEFT,53.341566,4,True
2024-11-21 18:21:55.036682,80.0,69.0,0,0,SCANNING_LEFT,LEFT,53.458546,4,True
2024-11-21 18:21:55.157722,79.0,69.0,0,0,SCANNING_LEFT,LEFT,53.579586,4,True
2024-11-21 18:21:55.280948,78.0,69.0,0,0,SCANNING_LEFT,LEFT,53.702812,4,True
2024-11-21 18:21:55.399909,77.0,69.0,0,0,SCANNING_LEFT,LEFT,53.821773,4,True
2024-11-21 18:21:55.520484,76.0,70.0,0,0,SCANNING_LEFT,LEFT,53.942348,4,True
2024-11-21 18:21:55.665574,75.0,69.0,0,0,SCANNING_LEFT,LEFT,54.087438,4,True
2024-11-21 18:21:55.788099,74.0,69.0,0,0,SCANNING_LEFT,LEFT,54.209963,4,True
2024-11-21 18:21:55.910622,73.0,68.0,0,0,SCANNING_LEFT,LEFT,54.332486,4,True
2024-11-21 18:21:56.028019,72.0,68.0,0,0,SCANNING_LEFT,LEFT,54.449883,4,True
2024-11-21 18:21:56.146363,71.0,68.0,0,0,SCANNING_LEFT,LEFT,54.568227,4,True
2024-11-21 18:21:56.266090,70.0,68.0,0,0,SCANNING_LEFT,LEFT,54.687954,4,True
2024-11-21 18:21:56.392482,69.0,68.0,0,0,SCANNING_LEFT,LEFT,54.814346,4,True
2024-11-21 18:21:56.513971,68.0,68.0,0,0,SCANNING_LEFT,LEFT,54.935835,4,True
2024-11-21 18:21:56.633622,67.0,68.0,0,0,SCANNING_LEFT,LEFT,55.055486,4,True
2024-11-21 18:21:56.764662,66.0,69.0,0,0,SCANNING_LEFT,LEFT,55.186526,4,True
2024-11-21 18:21:56.892030,65.0,68.0,0,0,SCANNING_LEFT,LEFT,55.313894,4,True
2024-11-21 18:21:57.012794,65.0,69.0,0,0,SCANNING_LEFT,STATIONARY,55.434658,4,True
2024-11-21 18:21:57.136955,66.0,68.0,0,0,SCANNING_LEFT,RIGHT,55.558819,4,True
2024-11-21 18:21:57.258784,67.0,68.0,0,0,SCANNING_LEFT,RIGHT,55.680648,4,True
2024-11-21 18:21:57.390887,68.0,68.0,0,0,SCANNING_LEFT,RIGHT,55.812751,4,True
2024-11-21 18:21:57.526729,69.0,68.0,0,0,SCANNING_LEFT,RIGHT,55.948593,4,True
2024-11-21 18:21:57.679629,70.0,59.0,-20.179188456214455,55.4418646263686,SCANNING_LEFT,RIGHT,56.101493,4,False
2024-11-21 18:21:57.816364,71.0,68.0,0,0,SCANNING_LEFT,RIGHT,56.238228,4,True
2024-11-21 18:21:57.943216,72.0,68.0,0,0,SCANNING_LEFT,RIGHT,56.36508,4,True
2024-11-21 18:21:58.080987,73.0,68.0,0,0,SCANNING_LEFT,RIGHT,56.502851,4,True
2024-11-21 18:21:58.222556,74.0,68.0,0,0,SCANNING_LEFT,RIGHT,56.64442,4,True
2024-11-21 18:21:58.358518,75.0,68.0,0,0,SCANNING_LEFT,RIGHT,56.780382,4,True
2024-11-21 18:21:58.484397,76.0,68.0,0,0,SCANNING_LEFT,RIGHT,56.906261,4,True
2024-11-21 18:21:58.630630,77.0,69.0,0,0,SCANNING_LEFT,RIGHT,57.052494,4,True
2024-11-21 18:21:58.770434,78.0,70.0,0,0,SCANNING_LEFT,RIGHT,57.192298,4,True
2024-11-21 18:21:58.907962,79.0,70.0,0,0,SCANNING_LEFT,RIGHT,57.329826,4,True
2024-11-21 18:21:59.041297,80.0,70.0,0,0,SCANNING_LEFT,RIGHT,57.463161,4,True
2024-11-21 18:21:59.172259,81.0,69.0,0,0,SCANNING_LEFT,RIGHT,57.594123,4,True
2024-11-21 18:21:59.298640,82.0,69.0,0,0,SCANNING_LEFT,RIGHT,57.720504,4,True
2024-11-21 18:21:59.439166,83.0,69.0,0,0,SCANNING_LEFT,RIGHT,57.86103,4,True
2024-11-21 18:21:59.616209,84.0,69.0,0,0,SCANNING_LEFT,RIGHT,58.038073,4,True
2024-11-21 18:21:59.741458,85.0,69.0,0,0,SCANNING_LEFT,RIGHT,58.163322,4,True
2024-11-21 18:21:59.866149,86.0,69.0,0,0,SCANNING_LEFT,RIGHT,58.288013,4,True
2024-11-21 18:22:00.011102,87.0,69.0,0,0,SCANNING_LEFT,RIGHT,58.432966,4,True
2024-11-21 18:22:00.142799,88.0,69.0,0,0,SCANNING_LEFT,RIGHT,58.564663,4,True
2024-11-21 18:22:00.266616,89.0,67.0,0,0,AT_CENTER,RIGHT,58.68848,4,True
2024-11-21 18:22:00.389398,90.0,67.0,0,0,AT_CENTER,RIGHT,58.811262,4,True
2024-11-21 18:22:00.534291,90.0,67.0,0,0,AT_CENTER,STATIONARY,58.956155,4,True
2024-11-21 18:22:00.662375,91.0,66.0,0,0,AT_CENTER,RIGHT,59.084239,4,True
2024-11-21 18:22:00.787757,92.0,66.0,0,0,SCANNING_RIGHT,RIGHT,59.209621,4,True
2024-11-21 18:22:00.906445,93.0,66.0,0,0,SCANNING_RIGHT,RIGHT,59.328309,4,True
2024-11-21 18:22:01.026906,94.0,66.0,0,0,SCANNING_RIGHT,RIGHT,59.44877,4,True
2024-11-21 18:22:01.149940,95.0,66.0,0,0,SCANNING_RIGHT,RIGHT,59.571804,4,True
2024-11-21 18:22:01.272058,96.0,66.0,0,0,SCANNING_RIGHT,RIGHT,59.693922,4,True
2024-11-21 18:22:01.393791,97.0,67.0,0,0,SCANNING_RIGHT,RIGHT,59.815655,4,True
2024-11-21 18:22:01.518656,98.0,67.0,0,0,SCANNING_RIGHT,RIGHT,59.94052,4,True
2024-11-21 18:22:01.638599,99.0,66.0,0,0,SCANNING_RIGHT,RIGHT,60.060463,4,True
2024-11-21 18:22:01.775263,100.0,67.0,0,0,SCANNING_RIGHT,RIGHT,60.197127,4,True
2024-11-21 18:22:01.891532,101.0,66.0,0,0,SCANNING_RIGHT,RIGHT,60.313396,4,True
2024-11-21 18:22:02.009996,102.0,66.0,0,0,SCANNING_RIGHT,RIGHT,60.43186,4,True
2024-11-21 18:22:02.143894,103.0,66.0,0,0,SCANNING_RIGHT,RIGHT,60.565758,4,True
2024-11-21 18:22:02.258861,104.0,66.0,0,0,SCANNING_RIGHT,RIGHT,60.680725,4,True
2024-11-21 18:22:02.387523,105.0,66.0,0,0,SCANNING_RIGHT,RIGHT,60.809387,4,True
2024-11-21 18:22:02.502627,106.0,66.0,0,0,SCANNING_RIGHT,RIGHT,60.924491,4,True
2024-11-21 18:22:02.624908,107.0,66.0,0,0,SCANNING_RIGHT,RIGHT,61.046772,4,True
2024-11-21 18:22:02.750011,108.0,66.0,0,0,SCANNING_RIGHT,RIGHT,61.171875,4,True
2024-11-21 18:22:02.870388,109.0,66.0,0,0,SCANNING_RIGHT,RIGHT,61.292252,4,True
2024-11-21 18:22:02.997803,110.0,67.0,0,0,SCANNING_RIGHT,RIGHT,61.419667,4,True
2024-11-21 18:22:03.123075,111.0,66.0,0,0,SCANNING_RIGHT,RIGHT,61.544939,4,True
2024-11-21 18:22:03.245467,112.0,67.0,0,0,SCANNING_RIGHT,RIGHT,61.667331,4,True
2024-11-21 18:22:03.368490,113.0,66.0,0,0,SCANNING_RIGHT,RIGHT,61.790354,4,True
2024-11-21 18:22:03.492915,114.0,58.0,23.59072529839641,52.98563654327085,SCANNING_RIGHT,RIGHT,61.914779,4,False
2024-11-21 18:22:03.619915,115.0,66.0,0,0,SCANNING_RIGHT,RIGHT,62.041779,4,True
2024-11-21 18:22:03.740854,115.0,66.0,0,0,SCANNING_RIGHT,STATIONARY,62.162718,4,True
2024-11-21 18:22:03.875403,114.0,66.0,0,0,SCANNING_RIGHT,LEFT,62.297267,4,True
2024-11-21 18:22:03.996421,113.0,66.0,0,0,SCANNING_RIGHT,LEFT,62.418285,4,True
2024-11-21 18:22:04.141001,112.0,66.0,0,0,SCANNING_RIGHT,LEFT,62.562865,4,True
2024-11-21 18:22:04.278956,111.0,66.0,0,0,SCANNING_RIGHT,LEFT,62.699819,4,True
2024-11-21 18:22:04.433762,110.0,58.0,19.837168312888785,54.502172005582686,SCANNING_RIGHT,LEFT,62.855626,4,False
2024-11-21 18:22:04.587663,109.0,67.0,0,0,SCANNING_RIGHT,LEFT,63.009527,4,True
2024-11-21 18:22:04.762392,108.0,67.0,0,0,SCANNING_RIGHT,LEFT,63.184256,4,True
2024-11-21 18:22:04.923791,107.0,67.0,0,0,SCANNING_RIGHT,LEFT,63.345655,4,True
2024-11-21 18:22:05.116243,106.0,66.0,0,0,SCANNING_RIGHT,LEFT,63.538107,4,True
2024-11-21 18:22:05.289768,105.0,66.0,0,0,SCANNING_RIGHT,LEFT,63.711632,4,True
2024-11-21 18:22:05.413506,104.0,66.0,0,0,SCANNING_RIGHT,LEFT,63.83537,4,True
2024-11-21 18:22:05.535686,103.0,66.0,0,0,SCANNING_RIGHT,LEFT,63.95755,4,True
2024-11-21 18:22:05.653783,102.0,66.0,0,0,SCANNING_RIGHT,LEFT,64.075647,4,True
2024-11-21 18:22:05.770975,101.0,66.0,0,0,SCANNING_RIGHT,LEFT,64.192839,4,True
2024-11-21 18:22:05.894820,100.0,66.0,0,0,SCANNING_RIGHT,LEFT,64.316684,4,True
2024-11-21 18:22:06.017905,99.0,66.0,0,0,SCANNING_RIGHT,LEFT,64.439769,4,True
2024-11-21 18:22:06.137506,98.0,66.0,0,0,SCANNING_RIGHT,LEFT,64.55937,4,True
2024-11-21 18:22:06.259141,97.0,67.0,0,0,SCANNING_RIGHT,LEFT,64.681005,4,True
2024-11-21 18:22:06.378520,96.0,66.0,0,0,SCANNING_RIGHT,LEFT,64.800384,4,True
2024-11-21 18:22:06.516801,95.0,67.0,0,0,SCANNING_RIGHT,LEFT,64.938665,4,True
2024-11-21 18:22:06.638595,94.0,67.0,0,0,SCANNING_RIGHT,LEFT,65.060459,4,True
2024-11-21 18:22:06.764596,93.0,67.0,0,0,SCANNING_RIGHT,LEFT,65.18646,4,True
2024-11-21 18:22:06.889141,92.0,67.0,0,0,SCANNING_RIGHT,LEFT,65.311005,4,True
2024-11-21 18:22:07.005826,91.0,67.0,0,0,AT_CENTER,LEFT,65.42769,4,True
2024-11-21 18:22:07.141623,90.0,66.0,0,0,AT_CENTER,LEFT,65.563487,5,True
2024-11-21 18:22:07.260648,90.0,66.0,0,0,AT_CENTER,STATIONARY,65.682512,5,True
2024-11-21 18:22:07.379607,89.0,67.0,0,0,AT_CENTER,LEFT,65.801471,5,True
2024-11-21 18:22:07.509114,88.0,67.0,0,0,SCANNING_LEFT,LEFT,65.930978,5,True
2024-11-21 18:22:07.636651,87.0,67.0,0,0,SCANNING_LEFT,LEFT,66.058515,5,True
2024-11-21 18:22:07.757408,86.0,68.0,0,0,SCANNING_LEFT,LEFT,66.179272,5,True
2024-11-21 18:22:07.877730,85.0,63.0,0,0,SCANNING_LEFT,LEFT,66.299594,5,True
2024-11-21 18:22:07.993983,84.0,69.0,0,0,SCANNING_LEFT,LEFT,66.415847,5,True
2024-11-21 18:22:08.112286,83.0,69.0,0,0,SCANNING_LEFT,LEFT,66.53415,5,True
2024-11-21 18:22:08.226145,82.0,69.0,0,0,SCANNING_LEFT,LEFT,66.648009,5,True
2024-11-21 18:22:08.347014,81.0,68.0,0,0,SCANNING_LEFT,LEFT,66.768878,5,True
2024-11-21 18:22:08.484340,80.0,68.0,0,0,SCANNING_LEFT,LEFT,66.906204,5,True
2024-11-21 18:22:08.603267,79.0,68.0,0,0,SCANNING_LEFT,LEFT,67.025131,5,True
2024-11-21 18:22:08.722452,78.0,68.0,0,0,SCANNING_LEFT,LEFT,67.144316,5,True
2024-11-21 18:22:08.844070,77.0,69.0,0,0,SCANNING_LEFT,LEFT,67.265934,5,True
2024-11-21 18:22:08.971022,76.0,69.0,0,0,SCANNING_LEFT,LEFT,67.392886,5,True
2024-11-21 18:22:09.095714,75.0,68.0,0,0,SCANNING_LEFT,LEFT,67.517578,5,True
2024-11-21 18:22:09.213339,74.0,68.0,0,0,SCANNING_LEFT,LEFT,67.635203,5,True
2024-11-21 18:22:09.333154,73.0,69.0,0,0,SCANNING_LEFT,LEFT,67.755018,5,True
2024-11-21 18:22:09.451187,72.0,68.0,0,0,SCANNING_LEFT,LEFT,67.873051,5,True
2024-11-21 18:22:09.573388,71.0,68.0,0,0,SCANNING_LEFT,LEFT,67.995252,5,True
2024-11-21 18:22:09.691081,70.0,68.0,0,0,SCANNING_LEFT,LEFT,68.112945,5,True
2024-11-21 18:22:09.815829,69.0,68.0,0,0,SCANNING_LEFT,LEFT,68.237693,5,True
2024-11-21 18:22:09.946335,68.0,68.0,0,0,SCANNING_LEFT,LEFT,68.368199,5,True
2024-11-21 18:22:10.094615,67.0,68.0,0,0,SCANNING_LEFT,LEFT,68.516479,5,True
2024-11-21 18:22:10.222580,66.0,68.0,0,0,SCANNING_LEFT,LEFT,68.644444,5,True
2024-11-21 18:22:10.345168,65.0,68.0,0,0,SCANNING_LEFT,LEFT,68.767032,5,True
2024-11-21 18:22:10.470640,65.0,69.0,0,0,SCANNING_LEFT,STATIONARY,68.892504,5,True
2024-11-21 18:22:10.612247,66.0,68.0,0,0,SCANNING_LEFT,RIGHT,69.034111,5,True
2024-11-21 18:22:10.730769,67.0,69.0,0,0,SCANNING_LEFT,RIGHT,69.152633,5,True
2024-11-21 18:22:10.851288,68.0,68.0,0,0,SCANNING_LEFT,RIGHT,69.273152,5,True
2024-11-21 18:22:10.969221,69.0,68.0,0,0,SCANNING_LEFT,RIGHT,69.391085,5,True
2024-11-21 18:22:11.088024,70.0,68.0,0,0,SCANNING_LEFT,RIGHT,69.509888,5,True
2024-11-21 18:22:11.206345,71.0,68.0,0,0,SCANNING_LEFT,RIGHT,69.628209,5,True
2024-11-21 18:22:11.325535,72.0,68.0,0,0,SCANNING_LEFT,RIGHT,69.747399,5,True
2024-11-21 18:22:11.442838,73.0,68.0,0,0,SCANNING_LEFT,RIGHT,69.864702,5,True
2024-11-21 18:22:11.564034,74.0,68.0,0,0,SCANNING_LEFT,RIGHT,69.985898,5,True
2024-11-21 18:22:11.684238,75.0,63.0,0,0,SCANNING_LEFT,RIGHT,70.106102,5,True
2024-11-21 18:22:11.802930,76.0,68.0,0,0,SCANNING_LEFT,RIGHT,70.224794,5,True
2024-11-21 18:22:11.919349,77.0,69.0,0,0,SCANNING_LEFT,RIGHT,70.341213,5,True
2024-11-21 18:22:12.038138,78.0,69.0,0,0,SCANNING_LEFT,RIGHT,70.460002,5,True
2024-11-21 18:22:12.158527,79.0,69.0,0,0,SCANNING_LEFT,RIGHT,70.580391,5,True
2024-11-21 18:22:12.273551,80.0,69.0,0,0,SCANNING_LEFT,RIGHT,70.695415,5,True
2024-11-21 18:22:12.399955,81.0,68.0,0,0,SCANNING_LEFT,RIGHT,70.821819,5,True
2024-11-21 18:22:12.520447,82.0,68.0,0,0,SCANNING_LEFT,RIGHT,70.942311,5,True
2024-11-21 18:22:12.659164,83.0,68.0,0,0,SCANNING_LEFT,RIGHT,71.081028,5,True
2024-11-21 18:22:12.784651,84.0,68.0,0,0,SCANNING_LEFT,RIGHT,71.206515,5,True
2024-11-21 18:22:12.903239,85.0,69.0,0,0,SCANNING_LEFT,RIGHT,71.325103,5,True
2024-11-21 18:22:13.018248,86.0,69.0,0,0,SCANNING_LEFT,RIGHT,71.440112,5,True
2024-11-21 18:22:13.135796,87.0,69.0,0,0,SCANNING_LEFT,RIGHT,71.55766,5,True
2024-11-21 18:22:13.253291,88.0,67.0,0,0,SCANNING_LEFT,RIGHT,71.675155,5,True
2024-11-21 18:22:13.371135,89.0,67.0,0,0,AT_CENTER,RIGHT,71.792999,5,True
2024-11-21 18:22:13.488225,90.0,66.0,0,0,AT_CENTER,RIGHT,71.910089,5,True
2024-11-21 18:22:13.608773,90.0,66.0,0,0,AT_CENTER,STATIONARY,72.030637,5,True
2024-11-21 18:22:13.725949,91.0,66.0,0,0,AT_CENTER,RIGHT,72.147813,5,True
2024-11-21 18:22:13.846509,92.0,66.0,0,0,SCANNING_RIGHT,RIGHT,72.268373,5,True
2024-11-21 18:22:13.967955,93.0,61.0,0,0,SCANNING_RIGHT,RIGHT,72.389819,5,True
2024-11-21 18:22:14.098742,94.0,67.0,0,0,SCANNING_RIGHT,RIGHT,72.520606,5,True
2024-11-21 18:22:14.219397,95.0,66.0,0,0,SCANNING_RIGHT,RIGHT,72.641261,5,True
2024-11-21 18:22:14.336542,96.0,66.0,0,0,SCANNING_RIGHT,RIGHT,72.758406,5,True
2024-11-21 18:22:14.454862,97.0,66.0,0,0,SCANNING_RIGHT,RIGHT,72.876726,5,True
2024-11-21 18:22:14.592855,98.0,66.0,0,0,SCANNING_RIGHT,RIGHT,73.014719,5,True
2024-11-21 18:22:14.712657,99.0,66.0,0,0,SCANNING_RIGHT,RIGHT,73.134521,5,True
2024-11-21 18:22:14.830266,100.0,61.0,0,0,SCANNING_RIGHT,RIGHT,73.25213,5,True
2024-11-21 18:22:14.944508,101.0,66.0,0,0,SCANNING_RIGHT,RIGHT,73.366372,5,True
2024-11-21 18:22:15.063237,102.0,66.0,0,0,SCANNING_RIGHT,RIGHT,73.485101,5,True
2024-11-21 18:22:15.184258,103.0,66.0,0,0,SCANNING_RIGHT,RIGHT,73.606122,5,True
2024-11-21 18:22:15.303836,104.0,66.0,0,0,SCANNING_RIGHT,RIGHT,73.7257,5,True
2024-11-21 18:22:15.424258,105.0,66.0,0,0,SCANNING_RIGHT,RIGHT,73.846122,5,True
2024-11-21 18:22:15.541500,106.0,66.0,0,0,SCANNING_RIGHT,RIGHT,73.963364,5,True
2024-11-21 18:22:15.663113,107.0,61.0,0,0,SCANNING_RIGHT,RIGHT,74.084977,5,True
2024-11-21 18:22:15.787566,108.0,66.0,0,0,SCANNING_RIGHT,RIGHT,74.20943,5,True
2024-11-21 18:22:15.911397,109.0,66.0,0,0,SCANNING_RIGHT,RIGHT,74.333261,5,True
2024-11-21 18:22:16.037176,110.0,66.0,0,0,SCANNING_RIGHT,RIGHT,74.45904,5,True
2024-11-21 18:22:16.153313,111.0,66.0,0,0,SCANNING_RIGHT,RIGHT,74.575177,5,True
2024-11-21 18:22:16.274183,112.0,66.0,0,0,SCANNING_RIGHT,RIGHT,74.696047,5,True
2024-11-21 18:22:16.400184,113.0,66.0,0,0,SCANNING_RIGHT,RIGHT,74.822048,5,True
2024-11-21 18:22:16.523446,114.0,66.0,0,0,SCANNING_RIGHT,RIGHT,74.94531,5,True
2024-11-21 18:22:16.662519,115.0,66.0,0,0,SCANNING_RIGHT,RIGHT,75.084383,5,True
2024-11-21 18:22:16.791136,115.0,66.0,0,0,SCANNING_RIGHT,STATIONARY,75.213,5,True
2024-11-21 18:22:16.906800,114.0,66.0,0,0,SCANNING_RIGHT,LEFT,75.328664,5,True
2024-11-21 18:22:17.025205,113.0,66.0,0,0,SCANNING_RIGHT,LEFT,75.447069,5,True
2024-11-21 18:22:17.142271,112.0,66.0,0,0,SCANNING_RIGHT,LEFT,75.564135,5,True
2024-11-21 18:22:17.270113,111.0,66.0,0,0,SCANNING_RIGHT,LEFT,75.691977,5,True
2024-11-21 18:22:17.385610,110.0,66.0,0,0,SCANNING_RIGHT,LEFT,75.807474,5,True
2024-11-21 18:22:17.505486,109.0,66.0,0,0,SCANNING_RIGHT,LEFT,75.92735,5,True
2024-11-21 18:22:17.623361,108.0,67.0,0,0,SCANNING_RIGHT,LEFT,76.045225,5,True
2024-11-21 18:22:17.740177,107.0,67.0,0,0,SCANNING_RIGHT,LEFT,76.162041,5,True
2024-11-21 18:22:17.858847,106.0,67.0,0,0,SCANNING_RIGHT,LEFT,76.280711,5,True
2024-11-21 18:22:17.977711,105.0,67.0,0,0,SCANNING_RIGHT,LEFT,76.399575,5,True
2024-11-21 18:22:18.096131,104.0,66.0,0,0,SCANNING_RIGHT,LEFT,76.517995,5,True
2024-11-21 18:22:18.216225,103.0,66.0,0,0,SCANNING_RIGHT,LEFT,76.638089,5,True
2024-11-21 18:22:18.332580,102.0,66.0,0,0,SCANNING_RIGHT,LEFT,76.754444,5,True
2024-11-21 18:22:18.448721,101.0,66.0,0,0,SCANNING_RIGHT,LEFT,76.870585,5,True
2024-11-21 18:22:18.587303,100.0,66.0,0,0,SCANNING_RIGHT,LEFT,77.009167,5,True
2024-11-21 18:22:18.706472,99.0,66.0,0,0,SCANNING_RIGHT,LEFT,77.128336,5,True
2024-11-21 18:22:18.827282,98.0,65.0,0,0,SCANNING_RIGHT,LEFT,77.249146,5,True
2024-11-21 18:22:18.943134,97.0,66.0,0,0,SCANNING_RIGHT,LEFT,77.364998,5,True
2024-11-21 18:22:19.060734,96.0,66.0,0,0,SCANNING_RIGHT,LEFT,77.482598,5,True
2024-11-21 18:22:19.178317,95.0,66.0,0,0,SCANNING_RIGHT,LEFT,77.600181,5,True
2024-11-21 18:22:19.295674,94.0,66.0,0,0,SCANNING_RIGHT,LEFT,77.717538,5,True
2024-11-21 18:22:19.409753,93.0,66.0,0,0,SCANNING_RIGHT,LEFT,77.831617,5,True
2024-11-21 18:22:19.528425,92.0,66.0,0,0,SCANNING_RIGHT,LEFT,77.950289,5,True
2024-11-21 18:22:19.646111,91.0,59.0,1.0296919797997273,58.99101401422708,AT_CENTER,LEFT,78.067975,5,False
2024-11-21 18:22:19.767824,90.0,66.0,0,0,AT_CENTER,LEFT,78.189688,6,True
2024-11-21 18:22:19.884879,90.0,66.0,0,0,AT_CENTER,STATIONARY,78.306743,6,True
2024-11-21 18:22:20.001921,89.0,66.0,0,0,AT_CENTER,LEFT,78.423785,6,True
2024-11-21 18:22:20.121102,88.0,66.0,0,0,SCANNING_LEFT,LEFT,78.542966,6,True
2024-11-21 18:22:20.240536,87.0,66.0,0,0,SCANNING_LEFT,LEFT,78.6624,6,True
2024-11-21 18:22:20.361300,86.0,66.0,0,0,SCANNING_LEFT,LEFT,78.782247,6,True
2024-11-21 18:22:20.476937,85.0,58.0,-5.055033079364174,57.77929248932124,SCANNING_LEFT,LEFT,78.898801,6,False
2024-11-21 18:22:20.612536,84.0,66.0,0,0,SCANNING_LEFT,LEFT,79.0344,6,True
2024-11-21 18:22:20.733719,83.0,66.0,0,0,SCANNING_LEFT,LEFT,79.155583,6,True
2024-11-21 18:22:20.858744,82.0,66.0,0,0,SCANNING_LEFT,LEFT,79.280608,6,True
2024-11-21 18:22:20.977814,81.0,66.0,0,0,SCANNING_LEFT,LEFT,79.399678,6,True
2024-11-21 18:22:21.119335,80.0,66.0,0,0,SCANNING_LEFT,LEFT,79.541199,6,True
2024-11-21 18:22:21.253480,79.0,66.0,0,0,SCANNING_LEFT,LEFT,79.675344,6,True
2024-11-21 18:22:21.387021,78.0,58.0,-12.058878067430042,56.73256084256073,SCANNING_LEFT,LEFT,79.808885,6,False
2024-11-21 18:22:21.631407,77.0,67.0,0,0,SCANNING_LEFT,LEFT,80.053271,6,True
2024-11-21 18:22:21.785154,76.0,67.0,0,0,SCANNING_LEFT,LEFT,80.207018,6,True
2024-11-21 18:22:21.911070,75.0,66.0,0,0,SCANNING_LEFT,LEFT,80.332934,6,True
2024-11-21 18:22:22.032732,74.0,66.0,0,0,SCANNING_LEFT,LEFT,80.454596,6,True
2024-11-21 18:22:22.151687,73.0,66.0,0,0,SCANNING_LEFT,LEFT,80.573551,6,True
2024-11-21 18:22:22.275958,72.0,67.0,0,0,SCANNING_LEFT,LEFT,80.697822,6,True
2024-11-21 18:22:22.394978,71.0,57.0,-18.557384804057932,53.89455880916106,SCANNING_LEFT,LEFT,80.816842,6,False
2024-11-21 18:22:22.514691,70.0,67.0,0,0,SCANNING_LEFT,LEFT,80.936555,6,True
2024-11-21 18:22:22.651675,69.0,67.0,0,0,SCANNING_LEFT,LEFT,81.073539,6,True
2024-11-21 18:22:22.779224,68.0,67.0,0,0,SCANNING_LEFT,LEFT,81.201088,6,True
2024-11-21 18:22:22.929984,67.0,67.0,0,0,SCANNING_LEFT,LEFT,81.351848,6,True
2024-11-21 18:22:23.049792,66.0,68.0,0,0,SCANNING_LEFT,LEFT,81.471656,6,True
2024-11-21 18:22:23.175495,65.0,67.0,0,0,SCANNING_LEFT,LEFT,81.597359,6,True
2024-11-21 18:22:23.295914,65.0,68.0,0,0,SCANNING_LEFT,STATIONARY,81.717778,6,True
2024-11-21 18:22:23.451989,66.0,68.0,0,0,SCANNING_LEFT,RIGHT,81.873853,6,True
2024-11-21 18:22:23.687563,67.0,68.0,0,0,SCANNING_LEFT,RIGHT,82.109427,6,True
2024-11-21 18:22:23.810268,68.0,68.0,0,0,SCANNING_LEFT,RIGHT,82.232132,6,True
2024-11-21 18:22:23.965386,69.0,67.0,0,0,SCANNING_LEFT,RIGHT,82.38725,6,True
2024-11-21 18:22:24.112969,70.0,67.0,0,0,SCANNING_LEFT,RIGHT,82.534833,6,True
2024-11-21 18:22:24.262574,71.0,67.0,0,0,SCANNING_LEFT,RIGHT,82.684438,6,True
2024-11-21 18:22:24.386765,72.0,67.0,0,0,SCANNING_LEFT,RIGHT,82.808629,6,True
2024-11-21 18:22:24.518803,73.0,67.0,0,0,SCANNING_LEFT,RIGHT,82.940667,6,True
2024-11-21 18:22:24.654972,74.0,67.0,0,0,SCANNING_LEFT,RIGHT,83.076836,6,True
2024-11-21 18:22:24.777609,75.0,67.0,0,0,SCANNING_LEFT,RIGHT,83.199473,6,True
2024-11-21 18:22:24.905104,76.0,66.0,0,0,SCANNING_LEFT,RIGHT,83.326968,6,True
2024-11-21 18:22:25.029739,77.0,66.0,0,0,SCANNING_LEFT,RIGHT,83.451603,6,True
2024-11-21 18:22:25.170559,78.0,66.0,0,0,SCANNING_LEFT,RIGHT,83.592423,6,True
2024-11-21 18:22:25.331909,79.0,66.0,0,0,SCANNING_LEFT,RIGHT,83.753773,6,True
2024-11-21 18:22:25.465376,80.0,66.0,0,0,SCANNING_LEFT,RIGHT,83.88724,6,True
2024-11-21 18:22:25.621423,81.0,66.0,0,0,SCANNING_LEFT,RIGHT,84.043287,6,True
2024-11-21 18:22:25.761677,82.0,66.0,0,0,SCANNING_LEFT,RIGHT,84.183541,6,True
2024-11-21 18:22:25.921395,83.0,67.0,0,0,SCANNING_LEFT,RIGHT,84.343259,6,True
2024-11-21 18:22:26.094165,84.0,66.0,0,0,SCANNING_LEFT,RIGHT,84.514504,6,True
2024-11-21 18:22:26.245331,85.0,66.0,0,0,SCANNING_LEFT,RIGHT,84.667195,6,True
2024-11-21 18:22:26.380220,86.0,66.0,0,0,SCANNING_LEFT,RIGHT,84.802084,6,True
2024-11-21 18:22:26.542140,87.0,66.0,0,0,SCANNING_LEFT,RIGHT,84.964004,6,True
2024-11-21 18:22:26.717073,88.0,66.0,0,0,SCANNING_LEFT,RIGHT,85.138937,6,True
2024-11-21 18:22:26.890617,89.0,66.0,0,0,AT_CENTER,RIGHT,85.312481,6,True
2024-11-21 18:22:27.048925,90.0,66.0,0,0,AT_CENTER,RIGHT,85.470789,6,True
2024-11-21 18:22:27.192200,90.0,66.0,0,0,AT_CENTER,STATIONARY,85.614064,6,True
2024-11-21 18:22:27.348612,91.0,66.0,0,0,AT_CENTER,RIGHT,85.770476,6,True
2024-11-21 18:22:27.533601,92.0,66.0,0,0,SCANNING_RIGHT,RIGHT,85.955465,6,True
2024-11-21 18:22:27.769267,93.0,66.0,0,0,SCANNING_RIGHT,RIGHT,86.191131,6,True
2024-11-21 18:22:27.994272,94.0,66.0,0,0,SCANNING_RIGHT,RIGHT,86.416136,6,True
2024-11-21 18:22:28.126950,95.0,66.0,0,0,SCANNING_RIGHT,RIGHT,86.548814,6,True
2024-11-21 18:22:28.238671,96.0,66.0,0,0,SCANNING_RIGHT,RIGHT,86.660535,6,True
2024-11-21 18:22:28.348875,97.0,63.0,0,0,SCANNING_RIGHT,RIGHT,86.770739,6,True
2024-11-21 18:22:28.463979,98.0,66.0,0,0,SCANNING_RIGHT,RIGHT,86.885843,6,True
2024-11-21 18:22:28.576740,99.0,66.0,0,0,SCANNING_RIGHT,RIGHT,86.998604,6,True
2024-11-21 18:22:28.695666,100.0,66.0,0,0,SCANNING_RIGHT,RIGHT,87.11753,6,True
2024-11-21 18:22:28.816959,101.0,66.0,0,0,SCANNING_RIGHT,RIGHT,87.238823,6,True
2024-11-21 18:22:28.999012,102.0,66.0,0,0,SCANNING_RIGHT,RIGHT,87.420876,6,True
2024-11-21 18:22:29.185597,103.0,66.0,0,0,SCANNING_RIGHT,RIGHT,87.607461,6,True
2024-11-21 18:22:29.399172,104.0,58.0,14.031469944780728,56.2771521240078,SCANNING_RIGHT,RIGHT,87.821036,6,False
2024-11-21 18:22:29.606170,105.0,66.0,0,0,SCANNING_RIGHT,RIGHT,88.028034,6,True
2024-11-21 18:22:29.809443,106.0,66.0,0,0,SCANNING_RIGHT,RIGHT,88.231307,6,True
2024-11-21 18:22:29.973299,107.0,66.0,0,0,SCANNING_RIGHT,RIGHT,88.395163,6,True
2024-11-21 18:22:30.142883,108.0,66.0,0,0,SCANNING_RIGHT,RIGHT,88.564747,6,True
2024-11-21 18:22:30.324667,109.0,66.0,0,0,SCANNING_RIGHT,RIGHT,88.746531,6,True
