timestamp,angle,distance,is_gap,baseline_distance
2024-11-21 21:39:50.302709,91.0,38.0,False,38.0
2024-11-21 21:39:50.399471,92.0,38.0,False,38.0
2024-11-21 21:39:50.497218,93.0,39.0,False,38.0
2024-11-21 21:39:50.591903,94.0,34.0,False,38.0
2024-11-21 21:39:50.690459,95.0,30.0,False,38.0
2024-11-21 21:39:50.788114,96.0,93.0,False,38.0
2024-11-21 21:39:50.888764,97.0,65.0,True,38.0
2024-11-21 21:39:50.987399,98.0,35.0,True,38.0
2024-11-21 21:39:51.083275,99.0,94.0,True,38.0
2024-11-21 21:39:51.180607,100.0,31.0,True,38.0
2024-11-21 21:39:51.282312,101.0,31.0,False,38.0
2024-11-21 21:39:51.388021,102.0,37.0,False,38.0
2024-11-21 21:39:51.494662,103.0,93.0,True,38.0
2024-11-21 21:39:51.605385,104.0,93.0,True,38.0
2024-11-21 21:39:51.712193,105.0,34.0,True,38.0
2024-11-21 21:39:51.814861,104.0,30.0,False,38.0
2024-11-21 21:39:51.920445,103.0,27.0,False,38.0
2024-11-21 21:39:52.026068,102.0,29.0,False,38.0
2024-11-21 21:39:52.134395,101.0,28.0,False,38.0
2024-11-21 21:39:52.258642,100.0,28.0,False,38.0
2024-11-21 21:39:52.365858,99.0,28.0,False,38.0
2024-11-21 21:39:52.460984,98.0,28.0,False,38.0
2024-11-21 21:39:52.556766,97.0,29.0,False,38.0
2024-11-21 21:39:52.657368,96.0,29.0,False,38.0
2024-11-21 21:39:52.754990,95.0,29.0,False,38.0
2024-11-21 21:39:52.858689,94.0,29.0,False,38.0
2024-11-21 21:39:52.961392,93.0,29.0,False,38.0
2024-11-21 21:39:53.068054,92.0,27.0,False,38.0
2024-11-21 21:39:53.169734,91.0,28.0,False,38.0
2024-11-21 21:39:53.276316,90.0,28.0,False,38.0
2024-11-21 21:39:53.379055,89.0,28.0,False,38.0
2024-11-21 21:39:53.486902,88.0,28.0,False,38.0
2024-11-21 21:39:53.596582,87.0,28.0,False,38.0
2024-11-21 21:39:53.694197,86.0,27.0,False,38.0
2024-11-21 21:39:53.799051,85.0,27.0,False,38.0
2024-11-21 21:39:53.903543,84.0,28.0,False,38.0
2024-11-21 21:39:54.005162,83.0,28.0,False,38.0
2024-11-21 21:39:54.111893,82.0,27.0,False,38.0
2024-11-21 21:39:54.218600,81.0,27.0,False,38.0
2024-11-21 21:39:54.321277,80.0,27.0,False,38.0
2024-11-21 21:39:54.437830,79.0,27.0,False,38.0
2024-11-21 21:39:54.531870,78.0,28.0,False,38.0
2024-11-21 21:39:54.640738,77.0,28.0,False,38.0
2024-11-21 21:39:54.738933,76.0,28.0,False,38.0
2024-11-21 21:39:54.842622,75.0,27.0,False,38.0
2024-11-21 21:39:54.947229,76.0,28.0,False,38.0
2024-11-21 21:39:55.049996,77.0,28.0,False,38.0
2024-11-21 21:39:55.156946,78.0,27.0,False,38.0
2024-11-21 21:39:55.262677,79.0,27.0,False,38.0
2024-11-21 21:39:55.365206,80.0,27.0,False,38.0
2024-11-21 21:39:55.468231,81.0,28.0,False,38.0
2024-11-21 21:39:55.574328,82.0,28.0,False,38.0
2024-11-21 21:39:55.682638,83.0,27.0,False,38.0
2024-11-21 21:39:55.786459,84.0,27.0,False,38.0
2024-11-21 21:39:55.899194,85.0,27.0,False,38.0
2024-11-21 21:39:56.007911,86.0,27.0,False,38.0
2024-11-21 21:39:56.101549,87.0,27.0,False,38.0
2024-11-21 21:39:56.210906,88.0,28.0,False,38.0
2024-11-21 21:39:56.320277,89.0,27.0,False,38.0
2024-11-21 21:39:56.414056,90.0,28.0,False,38.0
2024-11-21 21:39:56.522825,91.0,27.0,False,38.0
2024-11-21 21:39:56.646522,92.0,27.0,False,38.0
2024-11-21 21:39:56.754573,93.0,28.0,False,38.0
2024-11-21 21:39:56.848152,94.0,27.0,False,38.0
2024-11-21 21:39:56.945572,95.0,28.0,False,38.0
2024-11-21 21:39:57.050737,96.0,28.0,False,38.0
2024-11-21 21:39:57.145291,97.0,28.0,False,38.0
2024-11-21 21:39:57.241799,98.0,28.0,False,38.0
2024-11-21 21:39:57.347312,99.0,28.0,False,38.0
2024-11-21 21:39:57.454141,100.0,27.0,False,38.0
2024-11-21 21:39:57.563566,101.0,27.0,False,38.0
2024-11-21 21:39:57.672513,102.0,27.0,False,38.0
2024-11-21 21:39:57.766631,103.0,27.0,False,38.0
2024-11-21 21:39:57.875769,104.0,27.0,False,38.0
2024-11-21 21:39:57.974462,105.0,27.0,False,38.0
2024-11-21 21:39:58.080961,104.0,27.0,False,38.0
2024-11-21 21:39:58.183535,103.0,27.0,False,38.0
2024-11-21 21:39:58.289114,102.0,27.0,False,38.0
2024-11-21 21:39:58.392137,101.0,27.0,False,38.0
2024-11-21 21:39:58.499060,100.0,27.0,False,38.0
2024-11-21 21:39:58.600689,99.0,27.0,False,38.0
2024-11-21 21:39:58.703415,98.0,27.0,False,38.0
2024-11-21 21:39:58.826047,97.0,27.0,False,38.0
2024-11-21 21:39:58.920777,96.0,27.0,False,38.0
2024-11-21 21:39:59.029875,95.0,28.0,False,38.0
2024-11-21 21:39:59.123789,94.0,27.0,False,38.0
2024-11-21 21:39:59.227192,93.0,28.0,False,38.0
2024-11-21 21:39:59.330442,92.0,28.0,False,38.0
2024-11-21 21:39:59.436407,91.0,28.0,False,38.0
2024-11-21 21:39:59.542192,90.0,28.0,False,38.0
2024-11-21 21:39:59.645430,89.0,28.0,False,38.0
2024-11-21 21:39:59.747842,88.0,27.0,False,38.0
2024-11-21 21:39:59.853993,87.0,27.0,False,38.0
2024-11-21 21:39:59.956522,86.0,28.0,False,38.0
2024-11-21 21:40:00.063357,85.0,28.0,False,38.0
2024-11-21 21:40:00.166656,84.0,27.0,False,38.0
2024-11-21 21:40:00.272254,83.0,27.0,False,38.0
2024-11-21 21:40:00.374470,82.0,27.0,False,38.0
2024-11-21 21:40:00.480613,81.0,27.0,False,38.0
2024-11-21 21:40:00.586016,80.0,27.0,False,38.0
2024-11-21 21:40:00.694942,79.0,27.0,False,38.0
2024-11-21 21:40:00.803726,78.0,28.0,False,38.0
2024-11-21 21:40:00.912229,77.0,28.0,False,38.0
2024-11-21 21:40:01.021003,76.0,28.0,False,38.0
2024-11-21 21:40:01.115102,75.0,27.0,False,38.0
2024-11-21 21:40:01.215705,76.0,27.0,False,38.0
2024-11-21 21:40:01.312549,77.0,28.0,False,38.0
2024-11-21 21:40:01.419086,78.0,28.0,False,38.0
2024-11-21 21:40:01.521396,79.0,27.0,False,38.0
2024-11-21 21:40:01.627444,80.0,27.0,False,38.0
2024-11-21 21:40:01.729948,81.0,28.0,False,38.0
2024-11-21 21:40:01.836084,82.0,28.0,False,38.0
2024-11-21 21:40:01.938812,83.0,27.0,False,38.0
2024-11-21 21:40:02.045541,84.0,27.0,False,38.0
2024-11-21 21:40:02.148113,85.0,27.0,False,38.0
2024-11-21 21:40:02.254768,86.0,27.0,False,38.0
2024-11-21 21:40:02.360394,87.0,27.0,False,38.0
2024-11-21 21:40:02.463003,88.0,28.0,False,38.0
2024-11-21 21:40:02.566205,89.0,27.0,False,38.0
2024-11-21 21:40:02.672376,90.0,28.0,False,38.0
2024-11-21 21:40:02.774119,91.0,27.0,False,38.0
2024-11-21 21:40:02.881157,92.0,27.0,False,38.0
2024-11-21 21:40:02.983681,93.0,27.0,False,38.0
2024-11-21 21:40:03.089515,94.0,27.0,False,38.0
2024-11-21 21:40:03.200906,95.0,28.0,False,38.0
2024-11-21 21:40:03.298345,96.0,28.0,False,38.0
2024-11-21 21:40:03.402187,97.0,28.0,False,38.0
2024-11-21 21:40:03.507326,98.0,28.0,False,38.0
2024-11-21 21:40:03.609726,99.0,28.0,False,38.0
2024-11-21 21:40:03.717193,100.0,28.0,False,38.0
2024-11-21 21:40:03.818546,101.0,27.0,False,38.0
2024-11-21 21:40:03.925534,102.0,27.0,False,38.0
2024-11-21 21:40:04.028027,103.0,27.0,False,38.0
2024-11-21 21:40:04.138670,104.0,27.0,False,38.0
2024-11-21 21:40:04.239096,105.0,27.0,False,38.0
2024-11-21 21:40:04.343768,104.0,27.0,False,38.0
2024-11-21 21:40:04.445441,103.0,27.0,False,38.0
2024-11-21 21:40:04.552585,102.0,27.0,False,38.0
2024-11-21 21:40:04.655386,101.0,27.0,False,38.0
2024-11-21 21:40:04.760937,100.0,27.0,False,38.0
2024-11-21 21:40:04.863569,99.0,27.0,False,38.0
2024-11-21 21:40:04.970098,98.0,27.0,False,38.0
2024-11-21 21:40:05.072375,97.0,28.0,False,38.0
2024-11-21 21:40:05.178300,96.0,28.0,False,38.0
2024-11-21 21:40:05.286742,95.0,28.0,False,38.0
2024-11-21 21:40:05.400324,94.0,28.0,False,38.0
2024-11-21 21:40:05.492896,93.0,28.0,False,38.0
2024-11-21 21:40:05.596610,92.0,28.0,False,38.0
2024-11-21 21:40:05.698940,91.0,28.0,False,38.0
2024-11-21 21:40:05.805603,90.0,28.0,False,38.0
2024-11-21 21:40:05.908232,89.0,28.0,False,38.0
2024-11-21 21:40:06.014622,88.0,27.0,False,38.0
2024-11-21 21:40:06.117143,87.0,27.0,False,38.0
2024-11-21 21:40:06.222845,86.0,28.0,False,38.0
2024-11-21 21:40:06.329633,85.0,28.0,False,38.0
2024-11-21 21:40:06.428401,84.0,27.0,False,38.0
2024-11-21 21:40:06.534259,83.0,27.0,False,38.0
2024-11-21 21:40:06.636924,82.0,27.0,False,38.0
2024-11-21 21:40:06.743627,81.0,27.0,False,38.0
2024-11-21 21:40:06.845347,80.0,27.0,False,38.0
2024-11-21 21:40:06.953516,79.0,27.0,False,38.0
2024-11-21 21:40:07.054247,78.0,28.0,False,38.0
2024-11-21 21:40:07.161654,77.0,28.0,False,38.0
2024-11-21 21:40:07.263456,76.0,28.0,False,38.0
2024-11-21 21:40:07.369914,75.0,27.0,False,38.0
2024-11-21 21:40:07.471999,76.0,28.0,False,38.0
2024-11-21 21:40:07.582637,77.0,27.0,False,38.0
2024-11-21 21:40:07.681164,78.0,28.0,False,38.0
2024-11-21 21:40:07.787878,79.0,27.0,False,38.0
2024-11-21 21:40:07.889541,80.0,27.0,False,38.0
2024-11-21 21:40:07.996793,81.0,28.0,False,38.0
2024-11-21 21:40:08.099622,82.0,28.0,False,38.0
2024-11-21 21:40:08.205193,83.0,27.0,False,38.0
2024-11-21 21:40:08.307650,84.0,27.0,False,38.0
2024-11-21 21:40:08.414503,85.0,27.0,False,38.0
2024-11-21 21:40:08.516855,86.0,27.0,False,38.0
2024-11-21 21:40:08.623612,87.0,27.0,False,38.0
2024-11-21 21:40:08.728310,88.0,28.0,False,38.0
2024-11-21 21:40:08.832379,89.0,28.0,False,38.0
2024-11-21 21:40:08.935209,90.0,27.0,False,38.0
2024-11-21 21:40:09.040875,91.0,27.0,False,38.0
2024-11-21 21:40:09.143178,92.0,28.0,False,38.0
2024-11-21 21:40:09.250348,93.0,28.0,False,38.0
2024-11-21 21:40:09.352258,94.0,26.0,False,38.0
2024-11-21 21:40:09.458510,95.0,28.0,False,38.0
2024-11-21 21:40:09.561231,96.0,28.0,False,38.0
2024-11-21 21:40:09.667848,97.0,28.0,False,38.0
2024-11-21 21:40:09.779046,98.0,27.0,False,38.0
2024-11-21 21:40:09.876537,99.0,27.0,False,38.0
2024-11-21 21:40:09.979490,100.0,27.0,False,38.0
2024-11-21 21:40:10.084957,101.0,27.0,False,38.0
2024-11-21 21:40:10.187576,102.0,27.0,False,38.0
2024-11-21 21:40:10.294156,103.0,27.0,False,38.0
2024-11-21 21:40:10.396588,104.0,27.0,False,38.0
2024-11-21 21:40:10.503122,105.0,27.0,False,38.0
2024-11-21 21:40:10.609677,104.0,27.0,False,38.0
2024-11-21 21:40:10.712206,103.0,27.0,False,38.0
2024-11-21 21:40:10.814671,102.0,27.0,False,38.0
2024-11-21 21:40:10.920671,101.0,27.0,False,38.0
2024-11-21 21:40:11.023322,100.0,27.0,False,38.0
2024-11-21 21:40:11.129059,99.0,27.0,False,38.0
2024-11-21 21:40:11.232161,98.0,27.0,False,38.0
2024-11-21 21:40:11.335000,97.0,27.0,False,38.0
2024-11-21 21:40:11.441331,96.0,27.0,False,38.0
2024-11-21 21:40:11.547209,95.0,27.0,False,38.0
2024-11-21 21:40:11.650221,94.0,28.0,False,38.0
2024-11-21 21:40:11.752765,93.0,28.0,False,38.0
2024-11-21 21:40:11.859394,92.0,28.0,False,38.0
2024-11-21 21:40:11.972111,91.0,28.0,False,38.0
2024-11-21 21:40:12.067646,90.0,28.0,False,38.0
2024-11-21 21:40:12.170212,89.0,28.0,False,38.0
2024-11-21 21:40:12.276551,88.0,28.0,False,38.0
2024-11-21 21:40:12.382201,87.0,28.0,False,38.0
2024-11-21 21:40:12.485340,86.0,28.0,False,38.0
2024-11-21 21:40:12.587774,85.0,28.0,False,38.0
2024-11-21 21:40:12.694830,84.0,27.0,False,38.0
2024-11-21 21:40:12.796766,83.0,27.0,False,38.0
2024-11-21 21:40:12.903191,82.0,27.0,False,38.0
2024-11-21 21:40:13.005760,81.0,27.0,False,38.0
2024-11-21 21:40:13.112692,80.0,27.0,False,38.0
2024-11-21 21:40:13.237742,79.0,27.0,False,38.0
2024-11-21 21:40:13.346440,78.0,28.0,False,38.0
2024-11-21 21:40:13.440210,77.0,28.0,False,38.0
2024-11-21 21:40:13.549978,76.0,27.0,False,38.0
2024-11-21 21:40:13.643800,75.0,27.0,False,38.0
2024-11-21 21:40:13.738685,76.0,27.0,False,38.0
2024-11-21 21:40:13.841222,77.0,27.0,False,38.0
2024-11-21 21:40:13.947783,78.0,28.0,False,38.0
2024-11-21 21:40:14.050379,79.0,28.0,False,38.0
2024-11-21 21:40:14.167013,80.0,28.0,False,38.0
2024-11-21 21:40:14.260410,81.0,28.0,False,38.0
2024-11-21 21:40:14.365310,82.0,27.0,False,38.0
2024-11-21 21:40:14.467868,83.0,27.0,False,38.0
2024-11-21 21:40:14.574592,84.0,27.0,False,38.0
2024-11-21 21:40:14.676446,85.0,27.0,False,38.0
2024-11-21 21:40:14.783564,86.0,27.0,False,38.0
2024-11-21 21:40:14.888438,87.0,28.0,False,38.0
2024-11-21 21:40:14.992494,88.0,28.0,False,38.0
2024-11-21 21:40:15.094840,89.0,28.0,False,38.0
2024-11-21 21:40:15.200587,90.0,27.0,False,38.0
2024-11-21 21:40:15.303790,91.0,27.0,False,38.0
2024-11-21 21:40:15.407276,92.0,27.0,False,38.0
2024-11-21 21:40:15.512478,93.0,27.0,False,38.0
2024-11-21 21:40:15.614603,94.0,27.0,False,38.0
2024-11-21 21:40:15.721044,95.0,27.0,False,38.0
2024-11-21 21:40:15.823157,96.0,28.0,False,38.0
2024-11-21 21:40:15.929953,97.0,28.0,False,38.0
2024-11-21 21:40:16.045862,98.0,28.0,False,38.0
2024-11-21 21:40:16.236851,99.0,28.0,False,38.0
2024-11-21 21:40:16.334410,100.0,27.0,False,38.0
2024-11-21 21:40:16.443902,101.0,27.0,False,38.0
2024-11-21 21:40:16.538527,102.0,27.0,False,38.0
2024-11-21 21:40:16.647685,103.0,27.0,False,38.0
2024-11-21 21:40:16.742890,104.0,27.0,False,38.0
2024-11-21 21:40:16.837909,105.0,27.0,False,38.0
2024-11-21 21:40:16.932378,104.0,27.0,False,38.0
2024-11-21 21:40:17.058069,103.0,27.0,False,38.0
2024-11-21 21:40:17.193100,102.0,27.0,False,38.0
2024-11-21 21:40:17.292913,101.0,27.0,False,38.0
2024-11-21 21:40:17.404364,100.0,27.0,False,38.0
2024-11-21 21:40:17.498938,99.0,27.0,False,38.0
2024-11-21 21:40:17.608593,98.0,27.0,False,38.0
2024-11-21 21:40:17.716839,97.0,27.0,False,38.0
2024-11-21 21:40:17.827989,96.0,27.0,False,38.0
2024-11-21 21:40:17.954230,95.0,28.0,False,38.0
2024-11-21 21:40:18.098893,94.0,28.0,False,38.0
2024-11-21 21:40:18.250588,93.0,28.0,False,38.0
2024-11-21 21:40:18.512594,92.0,28.0,False,38.0
2024-11-21 21:40:18.776717,91.0,28.0,False,38.0
2024-11-21 21:40:19.008865,90.0,27.0,False,38.0
2024-11-21 21:40:19.250182,89.0,27.0,False,38.0
2024-11-21 21:40:19.495452,88.0,28.0,False,38.0
2024-11-21 21:40:19.749130,87.0,27.0,False,38.0
2024-11-21 21:40:19.983263,86.0,27.0,False,38.0
2024-11-21 21:40:20.216064,85.0,27.0,False,38.0
2024-11-21 21:40:20.434401,84.0,27.0,False,38.0
2024-11-21 21:40:20.652749,83.0,27.0,False,38.0
2024-11-21 21:40:20.897466,82.0,28.0,False,38.0
2024-11-21 21:40:21.149268,81.0,28.0,False,38.0
2024-11-21 21:40:21.391414,80.0,28.0,False,38.0
2024-11-21 21:40:21.621118,79.0,27.0,False,38.0
2024-11-21 21:40:21.850403,78.0,27.0,False,38.0
2024-11-21 21:40:22.089031,77.0,27.0,False,38.0
2024-11-21 21:40:22.324769,76.0,27.0,False,38.0
2024-11-21 21:40:22.553162,75.0,27.0,False,38.0
2024-11-21 21:40:22.798229,76.0,28.0,False,38.0
2024-11-21 21:40:23.021824,77.0,28.0,False,38.0
2024-11-21 21:40:23.244219,78.0,28.0,False,38.0
2024-11-21 21:40:23.471404,79.0,28.0,False,38.0
2024-11-21 21:40:23.699790,80.0,27.0,False,38.0
2024-11-21 21:40:23.924611,81.0,27.0,False,38.0
2024-11-21 21:40:24.156034,82.0,27.0,False,38.0
2024-11-21 21:40:24.405109,83.0,27.0,False,38.0
2024-11-21 21:40:24.649859,84.0,27.0,False,38.0
2024-11-21 21:40:24.873894,85.0,28.0,False,38.0
2024-11-21 21:40:25.098729,86.0,28.0,False,38.0
2024-11-21 21:40:25.323447,87.0,28.0,False,38.0
2024-11-21 21:40:25.554736,88.0,27.0,False,38.0
2024-11-21 21:40:25.800081,89.0,27.0,False,38.0
2024-11-21 21:40:26.023040,90.0,27.0,False,38.0
2024-11-21 21:40:26.268133,91.0,27.0,False,38.0
2024-11-21 21:40:26.511325,92.0,27.0,False,38.0
2024-11-21 21:40:26.776418,93.0,28.0,False,38.0
2024-11-21 21:40:26.997479,94.0,28.0,False,38.0
2024-11-21 21:40:27.214213,95.0,28.0,False,38.0
2024-11-21 21:40:27.451876,96.0,28.0,False,38.0
2024-11-21 21:40:27.718546,97.0,28.0,False,38.0
2024-11-21 21:40:27.958968,98.0,28.0,False,38.0
2024-11-21 21:40:28.212341,99.0,28.0,False,38.0
2024-11-21 21:40:28.442588,100.0,27.0,False,38.0
2024-11-21 21:40:28.713939,101.0,27.0,False,38.0
2024-11-21 21:40:28.976547,102.0,27.0,False,38.0
2024-11-21 21:40:29.242320,103.0,27.0,False,38.0
2024-11-21 21:40:29.491679,104.0,27.0,False,38.0
2024-11-21 21:40:29.711040,105.0,27.0,False,38.0
2024-11-21 21:40:29.932203,104.0,27.0,False,38.0
2024-11-21 21:40:30.163622,103.0,27.0,False,38.0
2024-11-21 21:40:30.380355,102.0,27.0,False,38.0
2024-11-21 21:40:30.614685,101.0,27.0,False,38.0
2024-11-21 21:40:30.858459,100.0,27.0,False,38.0
2024-11-21 21:40:31.105040,99.0,27.0,False,38.0
2024-11-21 21:40:31.380418,98.0,27.0,False,38.0
2024-11-21 21:40:31.623933,97.0,27.0,False,38.0
2024-11-21 21:40:31.859530,96.0,28.0,False,38.0
2024-11-21 21:40:32.114241,95.0,27.0,False,38.0
2024-11-21 21:40:32.337598,94.0,28.0,False,38.0
2024-11-21 21:40:32.617668,93.0,28.0,False,38.0
2024-11-21 21:40:32.883065,92.0,26.0,False,38.0
2024-11-21 21:40:33.105978,91.0,28.0,False,38.0
2024-11-21 21:40:33.354592,90.0,28.0,False,38.0
2024-11-21 21:40:33.598669,89.0,27.0,False,38.0
2024-11-21 21:40:33.831827,88.0,27.0,False,38.0
2024-11-21 21:40:34.081172,87.0,27.0,False,38.0
2024-11-21 21:40:34.339185,86.0,27.0,False,38.0
2024-11-21 21:40:34.591408,85.0,27.0,False,38.0
2024-11-21 21:40:34.842028,84.0,27.0,False,38.0
2024-11-21 21:40:35.079220,83.0,27.0,False,38.0
2024-11-21 21:40:35.334297,82.0,28.0,False,38.0
2024-11-21 21:40:35.586286,81.0,28.0,False,38.0
2024-11-21 21:40:35.815586,80.0,28.0,False,38.0
2024-11-21 21:40:36.063502,79.0,27.0,False,38.0
2024-11-21 21:40:36.291376,78.0,27.0,False,38.0
2024-11-21 21:40:36.525284,77.0,27.0,False,38.0
2024-11-21 21:40:36.761658,76.0,27.0,False,38.0
2024-11-21 21:40:36.997007,75.0,27.0,False,38.0
2024-11-21 21:40:37.266255,76.0,28.0,False,38.0
2024-11-21 21:40:37.504305,77.0,27.0,False,38.0
2024-11-21 21:40:37.738597,78.0,28.0,False,38.0
2024-11-21 21:40:37.956865,79.0,28.0,False,38.0
2024-11-21 21:40:38.198267,80.0,27.0,False,38.0
2024-11-21 21:40:38.421116,81.0,27.0,False,38.0
2024-11-21 21:40:38.683292,82.0,27.0,False,38.0
2024-11-21 21:40:38.915788,83.0,27.0,False,38.0
2024-11-21 21:40:39.134356,84.0,28.0,False,38.0
2024-11-21 21:40:39.371170,85.0,28.0,False,38.0
2024-11-21 21:40:39.556079,86.0,27.0,False,38.0
2024-11-21 21:40:39.712005,87.0,27.0,False,38.0
2024-11-21 21:40:39.877862,88.0,27.0,False,38.0
2024-11-21 21:40:40.017822,89.0,27.0,False,38.0
2024-11-21 21:40:40.160600,90.0,27.0,False,38.0
2024-11-21 21:40:40.309505,91.0,27.0,False,38.0
2024-11-21 21:40:40.455342,92.0,27.0,False,38.0
2024-11-21 21:40:40.633137,93.0,27.0,False,38.0
2024-11-21 21:40:40.869106,94.0,28.0,False,38.0
2024-11-21 21:40:41.107303,95.0,26.0,False,38.0
2024-11-21 21:40:41.334062,96.0,27.0,False,38.0
2024-11-21 21:40:41.573920,97.0,27.0,False,38.0
2024-11-21 21:40:41.803011,98.0,28.0,False,38.0
2024-11-21 21:40:42.037898,99.0,28.0,False,38.0
2024-11-21 21:40:42.272969,100.0,28.0,False,38.0
2024-11-21 21:40:42.508329,101.0,27.0,False,38.0
2024-11-21 21:40:42.735771,102.0,27.0,False,38.0
2024-11-21 21:40:42.959890,103.0,27.0,False,38.0
2024-11-21 21:40:43.192418,104.0,27.0,False,38.0
2024-11-21 21:40:43.426852,105.0,27.0,False,38.0
2024-11-21 21:40:43.663660,104.0,27.0,False,38.0
2024-11-21 21:40:43.905886,103.0,27.0,False,38.0
2024-11-21 21:40:44.128375,102.0,27.0,False,38.0
2024-11-21 21:40:44.367437,101.0,27.0,False,38.0
2024-11-21 21:40:44.615599,100.0,27.0,False,38.0
2024-11-21 21:40:44.858090,99.0,27.0,False,38.0
2024-11-21 21:40:45.090312,98.0,27.0,False,38.0
2024-11-21 21:40:45.331614,97.0,27.0,False,38.0
2024-11-21 21:40:45.556373,96.0,27.0,False,38.0
2024-11-21 21:40:45.797441,95.0,28.0,False,38.0
2024-11-21 21:40:46.028517,94.0,28.0,False,38.0
2024-11-21 21:40:46.300673,93.0,28.0,False,38.0
2024-11-21 21:40:46.532205,92.0,28.0,False,38.0
2024-11-21 21:40:46.786070,91.0,27.0,False,38.0
2024-11-21 21:40:47.016258,90.0,28.0,False,38.0
2024-11-21 21:40:47.240928,89.0,28.0,False,38.0
2024-11-21 21:40:47.465820,88.0,27.0,False,38.0
2024-11-21 21:40:47.692933,87.0,27.0,False,38.0
2024-11-21 21:40:47.923241,86.0,27.0,False,38.0
2024-11-21 21:40:48.182928,85.0,28.0,False,38.0
2024-11-21 21:40:48.439101,84.0,28.0,False,38.0
2024-11-21 21:40:48.678757,83.0,28.0,False,38.0
2024-11-21 21:40:48.947541,82.0,27.0,False,38.0
2024-11-21 21:40:49.181580,81.0,27.0,False,38.0
2024-11-21 21:40:49.414844,80.0,27.0,False,38.0
2024-11-21 21:40:49.655797,79.0,27.0,False,38.0
2024-11-21 21:40:49.891081,78.0,27.0,False,38.0
2024-11-21 21:40:50.113399,77.0,28.0,False,38.0
2024-11-21 21:40:50.340048,76.0,28.0,False,38.0
2024-11-21 21:40:50.578781,75.0,28.0,False,38.0
2024-11-21 21:40:50.808983,76.0,28.0,False,38.0
2024-11-21 21:40:51.033277,77.0,28.0,False,38.0
2024-11-21 21:40:51.258418,78.0,28.0,False,38.0
2024-11-21 21:40:51.482729,79.0,27.0,False,38.0
2024-11-21 21:40:51.729027,80.0,27.0,False,38.0
2024-11-21 21:40:51.951357,81.0,27.0,False,38.0
2024-11-21 21:40:52.192775,82.0,27.0,False,38.0
2024-11-21 21:40:52.419347,83.0,28.0,False,38.0
2024-11-21 21:40:52.657013,84.0,28.0,False,38.0
2024-11-21 21:40:52.886817,85.0,27.0,False,38.0
2024-11-21 21:40:53.114882,86.0,27.0,False,38.0
2024-11-21 21:40:53.354072,87.0,27.0,False,38.0
2024-11-21 21:40:53.610786,88.0,27.0,False,38.0
2024-11-21 21:40:53.879022,89.0,27.0,False,38.0
2024-11-21 21:40:54.115294,90.0,28.0,False,38.0
2024-11-21 21:40:54.369300,91.0,27.0,False,38.0
2024-11-21 21:40:54.610592,92.0,27.0,False,38.0
2024-11-21 21:40:54.831920,93.0,27.0,False,38.0
2024-11-21 21:40:55.062282,94.0,27.0,False,38.0
2024-11-21 21:40:55.309069,95.0,27.0,False,38.0
2024-11-21 21:40:55.535241,96.0,28.0,False,38.0
2024-11-21 21:40:55.783577,97.0,28.0,False,38.0
2024-11-21 21:40:56.032912,98.0,28.0,False,38.0
2024-11-21 21:40:56.281464,99.0,28.0,False,38.0
2024-11-21 21:40:56.509984,100.0,27.0,False,38.0
2024-11-21 21:40:56.734687,101.0,27.0,False,38.0
2024-11-21 21:40:56.969852,102.0,27.0,False,38.0
2024-11-21 21:40:57.217690,103.0,27.0,False,38.0
2024-11-21 21:40:57.464296,104.0,27.0,False,38.0
2024-11-21 21:40:57.722679,105.0,27.0,False,38.0
2024-11-21 21:40:57.958763,104.0,27.0,False,38.0
2024-11-21 21:40:58.236682,103.0,27.0,False,38.0
2024-11-21 21:40:58.467910,102.0,27.0,False,38.0
2024-11-21 21:40:58.725016,101.0,27.0,False,38.0
2024-11-21 21:40:58.999804,100.0,27.0,False,38.0
2024-11-21 21:40:59.246137,99.0,27.0,False,38.0
2024-11-21 21:40:59.507072,98.0,27.0,False,38.0
2024-11-21 21:40:59.790157,97.0,28.0,False,38.0
2024-11-21 21:41:00.028660,96.0,27.0,False,38.0
2024-11-21 21:41:00.277174,95.0,28.0,False,38.0
2024-11-21 21:41:00.528939,94.0,28.0,False,38.0
2024-11-21 21:41:00.773430,93.0,27.0,False,38.0
2024-11-21 21:41:01.044979,92.0,28.0,False,38.0
2024-11-21 21:41:01.300887,91.0,28.0,False,38.0
2024-11-21 21:41:01.533475,90.0,28.0,False,38.0
2024-11-21 21:41:01.779789,89.0,27.0,False,38.0
2024-11-21 21:41:02.001324,88.0,27.0,False,38.0
2024-11-21 21:41:02.224987,87.0,28.0,False,38.0
2024-11-21 21:41:02.446678,86.0,28.0,False,38.0
2024-11-21 21:41:02.668473,85.0,28.0,False,38.0
2024-11-21 21:41:02.910928,84.0,27.0,False,38.0
2024-11-21 21:41:03.149404,83.0,27.0,False,38.0
2024-11-21 21:41:03.419849,82.0,27.0,False,38.0
2024-11-21 21:41:03.645579,81.0,27.0,False,38.0
2024-11-21 21:41:03.869077,80.0,27.0,False,38.0
2024-11-21 21:41:04.122934,79.0,28.0,False,38.0
2024-11-21 21:41:04.354173,78.0,28.0,False,38.0
2024-11-21 21:41:04.588614,77.0,27.0,False,38.0
2024-11-21 21:41:04.811218,76.0,27.0,False,38.0
2024-11-21 21:41:05.053690,75.0,28.0,False,38.0
2024-11-21 21:41:05.310606,76.0,27.0,False,38.0
2024-11-21 21:41:05.548583,77.0,27.0,False,38.0
2024-11-21 21:41:05.800961,78.0,28.0,False,38.0
2024-11-21 21:41:06.043241,79.0,28.0,False,38.0
2024-11-21 21:41:06.279869,80.0,28.0,False,38.0
2024-11-21 21:41:06.518503,81.0,28.0,False,38.0
2024-11-21 21:41:06.747810,82.0,27.0,False,38.0
2024-11-21 21:41:07.016859,83.0,27.0,False,38.0
2024-11-21 21:41:07.252084,84.0,27.0,False,38.0
2024-11-21 21:41:07.477486,85.0,27.0,False,38.0
2024-11-21 21:41:07.727163,86.0,27.0,False,38.0
2024-11-21 21:41:07.972530,87.0,27.0,False,38.0
2024-11-21 21:41:08.210695,88.0,28.0,False,38.0
2024-11-21 21:41:08.443939,89.0,28.0,False,38.0
2024-11-21 21:41:08.682127,90.0,27.0,False,38.0
2024-11-21 21:41:08.945298,91.0,27.0,False,38.0
2024-11-21 21:41:09.206170,92.0,27.0,False,38.0
2024-11-21 21:41:09.434307,93.0,27.0,False,38.0
2024-11-21 21:41:09.656660,94.0,27.0,False,38.0
2024-11-21 21:41:09.885724,95.0,28.0,False,38.0
2024-11-21 21:41:10.113127,96.0,28.0,False,38.0
2024-11-21 21:41:10.336654,97.0,28.0,False,38.0
2024-11-21 21:41:10.594963,98.0,27.0,False,38.0
2024-11-21 21:41:10.834491,99.0,28.0,False,38.0
2024-11-21 21:41:11.066062,100.0,27.0,False,38.0
2024-11-21 21:41:11.304353,101.0,27.0,False,38.0
2024-11-21 21:41:11.530589,102.0,27.0,False,38.0
2024-11-21 21:41:11.774561,103.0,27.0,False,38.0
2024-11-21 21:41:12.001575,104.0,27.0,False,38.0
2024-11-21 21:41:12.246180,105.0,27.0,False,38.0
2024-11-21 21:41:12.481545,104.0,27.0,False,38.0
2024-11-21 21:41:12.711296,103.0,27.0,False,38.0
2024-11-21 21:41:12.939683,102.0,27.0,False,38.0
2024-11-21 21:41:13.178770,101.0,27.0,False,38.0
2024-11-21 21:41:13.427967,100.0,27.0,False,38.0
2024-11-21 21:41:13.704052,99.0,27.0,False,38.0
2024-11-21 21:41:13.987077,98.0,27.0,False,38.0
2024-11-21 21:41:14.297227,97.0,27.0,False,38.0
2024-11-21 21:41:14.563470,96.0,27.0,False,38.0
2024-11-21 21:41:14.815941,95.0,28.0,False,38.0
2024-11-21 21:41:15.059554,94.0,28.0,False,38.0
2024-11-21 21:41:15.318616,93.0,28.0,False,38.0
2024-11-21 21:41:15.548039,92.0,28.0,False,38.0
2024-11-21 21:41:15.778148,91.0,26.0,False,38.0
2024-11-21 21:41:16.037540,90.0,27.0,False,38.0
2024-11-21 21:41:16.269566,89.0,27.0,False,38.0
2024-11-21 21:41:16.512406,88.0,28.0,False,38.0
2024-11-21 21:41:16.743674,87.0,27.0,False,38.0
2024-11-21 21:41:16.994732,86.0,27.0,False,38.0
2024-11-21 21:41:17.249332,85.0,27.0,False,38.0
2024-11-21 21:41:17.498239,84.0,27.0,False,38.0
2024-11-21 21:41:17.719524,83.0,27.0,False,38.0
2024-11-21 21:41:17.945692,82.0,28.0,False,38.0
2024-11-21 21:41:18.194950,81.0,28.0,False,38.0
2024-11-21 21:41:18.430988,80.0,28.0,False,38.0
2024-11-21 21:41:18.666237,79.0,27.0,False,38.0
2024-11-21 21:41:18.891568,78.0,27.0,False,38.0
2024-11-21 21:41:19.138552,77.0,27.0,False,38.0
2024-11-21 21:41:19.398130,76.0,27.0,False,38.0
2024-11-21 21:41:19.659415,75.0,28.0,False,38.0
2024-11-21 21:41:19.889056,76.0,28.0,False,38.0
2024-11-21 21:41:20.107172,77.0,28.0,False,38.0
2024-11-21 21:41:20.336459,78.0,28.0,False,38.0
2024-11-21 21:41:20.555686,79.0,28.0,False,38.0
2024-11-21 21:41:20.771418,80.0,27.0,False,38.0
2024-11-21 21:41:20.994781,81.0,27.0,False,38.0
2024-11-21 21:41:21.218647,82.0,27.0,False,38.0
2024-11-21 21:41:21.477999,83.0,27.0,False,38.0
2024-11-21 21:41:21.731053,84.0,27.0,False,38.0
2024-11-21 21:41:21.952252,85.0,28.0,False,38.0
2024-11-21 21:41:22.175892,86.0,28.0,False,38.0
2024-11-21 21:41:22.409668,87.0,27.0,False,38.0
2024-11-21 21:41:22.625861,88.0,27.0,False,38.0
2024-11-21 21:41:22.840108,89.0,27.0,False,38.0
2024-11-21 21:41:23.067173,90.0,27.0,False,38.0
2024-11-21 21:41:23.285429,91.0,27.0,False,38.0
2024-11-21 21:41:23.508251,92.0,27.0,False,38.0
2024-11-21 21:41:23.736442,93.0,27.0,False,38.0
2024-11-21 21:41:23.995547,94.0,27.0,False,38.0
2024-11-21 21:41:24.260331,95.0,27.0,False,38.0
2024-11-21 21:41:24.497633,96.0,28.0,False,38.0
2024-11-21 21:41:24.748386,97.0,28.0,False,38.0
2024-11-21 21:41:24.993877,98.0,28.0,False,38.0
2024-11-21 21:41:25.236869,99.0,28.0,False,38.0
2024-11-21 21:41:25.492048,100.0,27.0,False,38.0
2024-11-21 21:41:25.740925,101.0,27.0,False,38.0
2024-11-21 21:41:25.970230,102.0,27.0,False,38.0
2024-11-21 21:41:26.207361,103.0,27.0,False,38.0
2024-11-21 21:41:26.435103,104.0,27.0,False,38.0
2024-11-21 21:41:26.661450,105.0,27.0,False,38.0
2024-11-21 21:41:26.916372,104.0,27.0,False,38.0
2024-11-21 21:41:27.138417,103.0,27.0,False,38.0
2024-11-21 21:41:27.366053,102.0,27.0,False,38.0
2024-11-21 21:41:27.611905,101.0,27.0,False,38.0
2024-11-21 21:41:27.847199,100.0,27.0,False,38.0
2024-11-21 21:41:28.108573,99.0,27.0,False,38.0
2024-11-21 21:41:28.352175,98.0,27.0,False,38.0
2024-11-21 21:41:28.584198,97.0,27.0,False,38.0
2024-11-21 21:41:28.849754,96.0,27.0,False,38.0
2024-11-21 21:41:29.082718,95.0,28.0,False,38.0
2024-11-21 21:41:29.361742,94.0,28.0,False,38.0
2024-11-21 21:41:29.608215,93.0,28.0,False,38.0
2024-11-21 21:41:29.837890,92.0,28.0,False,38.0
2024-11-21 21:41:30.073247,91.0,27.0,False,38.0
2024-11-21 21:41:30.311492,90.0,27.0,False,38.0
2024-11-21 21:41:30.533458,89.0,27.0,False,38.0
2024-11-21 21:41:30.757607,88.0,27.0,False,38.0
2024-11-21 21:41:31.005985,87.0,27.0,False,38.0
2024-11-21 21:41:31.244972,86.0,27.0,False,38.0
2024-11-21 21:41:31.510647,85.0,28.0,False,38.0
2024-11-21 21:41:31.767692,84.0,28.0,False,38.0
2024-11-21 21:41:32.028608,83.0,28.0,False,38.0
2024-11-21 21:41:32.284747,82.0,27.0,False,38.0
2024-11-21 21:41:32.535016,81.0,27.0,False,38.0
2024-11-21 21:41:32.781410,80.0,27.0,False,38.0
2024-11-21 21:41:33.022219,79.0,27.0,False,38.0
2024-11-21 21:41:33.249604,78.0,27.0,False,38.0
2024-11-21 21:41:33.472814,77.0,28.0,False,38.0
2024-11-21 21:41:33.714920,76.0,28.0,False,38.0
2024-11-21 21:41:33.981672,75.0,28.0,False,38.0
2024-11-21 21:41:34.219017,76.0,28.0,False,38.0
2024-11-21 21:41:34.476704,77.0,28.0,False,38.0
2024-11-21 21:41:34.713645,78.0,28.0,False,38.0
2024-11-21 21:41:34.943673,79.0,27.0,False,38.0
2024-11-21 21:41:35.201875,80.0,27.0,False,38.0
2024-11-21 21:41:35.467025,81.0,27.0,False,38.0
2024-11-21 21:41:35.727906,82.0,28.0,False,38.0
2024-11-21 21:41:35.976261,83.0,27.0,False,38.0
2024-11-21 21:41:36.229147,84.0,28.0,False,38.0
2024-11-21 21:41:36.472497,85.0,27.0,False,38.0
2024-11-21 21:41:36.738162,86.0,27.0,False,38.0
2024-11-21 21:41:37.017551,87.0,27.0,False,38.0
2024-11-21 21:41:37.258783,88.0,27.0,False,38.0
2024-11-21 21:41:37.536600,89.0,27.0,False,38.0
2024-11-21 21:41:37.800873,90.0,28.0,False,38.0
2024-11-21 21:41:38.159799,91.0,28.0,False,38.0
2024-11-21 21:41:38.421028,92.0,27.0,False,38.0
2024-11-21 21:41:38.678652,93.0,27.0,False,38.0
2024-11-21 21:41:38.978589,94.0,27.0,False,38.0
2024-11-21 21:41:39.272459,95.0,27.0,False,38.0
2024-11-21 21:41:39.534653,96.0,28.0,False,38.0
2024-11-21 21:41:39.778216,97.0,28.0,False,38.0
2024-11-21 21:41:40.046657,98.0,28.0,False,38.0
2024-11-21 21:41:40.316029,99.0,28.0,False,38.0
2024-11-21 21:41:40.550905,100.0,28.0,False,38.0
2024-11-21 21:41:40.789213,101.0,27.0,False,38.0
2024-11-21 21:41:40.934853,102.0,27.0,False,38.0
2024-11-21 21:41:41.037291,103.0,27.0,False,38.0
2024-11-21 21:41:41.134881,104.0,27.0,False,38.0
2024-11-21 21:41:41.232765,105.0,27.0,False,38.0
2024-11-21 21:41:41.327874,104.0,27.0,False,38.0
2024-11-21 21:41:41.425580,103.0,27.0,False,38.0
2024-11-21 21:41:41.527245,102.0,27.0,False,38.0
2024-11-21 21:41:41.636262,101.0,27.0,False,38.0
2024-11-21 21:41:41.732803,100.0,27.0,False,38.0
2024-11-21 21:41:41.846256,99.0,27.0,False,38.0
2024-11-21 21:41:41.951974,98.0,27.0,False,38.0
2024-11-21 21:41:42.052328,97.0,27.0,False,38.0
2024-11-21 21:41:42.156055,96.0,27.0,False,38.0
2024-11-21 21:41:42.267442,95.0,28.0,False,38.0
2024-11-21 21:41:42.378095,94.0,28.0,False,38.0
2024-11-21 21:41:42.487259,93.0,28.0,False,38.0
2024-11-21 21:41:42.598907,92.0,28.0,False,38.0
2024-11-21 21:41:42.722349,91.0,27.0,False,38.0
2024-11-21 21:41:42.819294,90.0,26.0,False,38.0
2024-11-21 21:41:42.921245,89.0,27.0,False,38.0
2024-11-21 21:41:43.038763,88.0,27.0,False,38.0
2024-11-21 21:41:43.133986,87.0,28.0,False,38.0
2024-11-21 21:41:43.227857,86.0,28.0,False,38.0
2024-11-21 21:41:43.323628,85.0,27.0,False,38.0
2024-11-21 21:41:43.433845,84.0,27.0,False,38.0
2024-11-21 21:41:43.527534,83.0,27.0,False,38.0
2024-11-21 21:41:43.622374,82.0,27.0,False,38.0
2024-11-21 21:41:43.717828,81.0,27.0,False,38.0
2024-11-21 21:41:43.813350,80.0,28.0,False,38.0
2024-11-21 21:41:43.905069,79.0,28.0,False,38.0
2024-11-21 21:41:44.000489,78.0,28.0,False,38.0
2024-11-21 21:41:44.110984,77.0,27.0,False,38.0
2024-11-21 21:41:44.218667,76.0,28.0,False,38.0
2024-11-21 21:41:44.314392,75.0,28.0,False,38.0
2024-11-21 21:41:44.406283,76.0,28.0,False,38.0
2024-11-21 21:41:44.502868,77.0,28.0,False,38.0
2024-11-21 21:41:44.597454,78.0,28.0,False,38.0
2024-11-21 21:41:44.691002,79.0,27.0,False,38.0
2024-11-21 21:41:44.817606,80.0,28.0,False,38.0
2024-11-21 21:41:44.948020,81.0,28.0,False,38.0
2024-11-21 21:41:45.049771,82.0,28.0,False,38.0
2024-11-21 21:41:45.160234,83.0,27.0,False,38.0
2024-11-21 21:41:45.255842,84.0,27.0,False,38.0
2024-11-21 21:41:45.349367,85.0,27.0,False,38.0
2024-11-21 21:41:45.442909,86.0,27.0,False,38.0
2024-11-21 21:41:45.537317,87.0,27.0,False,38.0
2024-11-21 21:41:45.630500,88.0,27.0,False,38.0
2024-11-21 21:41:45.725197,89.0,28.0,False,38.0
2024-11-21 21:41:45.819727,90.0,28.0,False,38.0
2024-11-21 21:41:45.921317,91.0,27.0,False,38.0
2024-11-21 21:41:46.015979,92.0,27.0,False,38.0
2024-11-21 21:41:46.117730,93.0,27.0,False,38.0
2024-11-21 21:41:46.214274,94.0,27.0,False,38.0
2024-11-21 21:41:46.308815,95.0,27.0,False,38.0
2024-11-21 21:41:46.402536,96.0,27.0,False,38.0
2024-11-21 21:41:46.530398,97.0,28.0,False,38.0
2024-11-21 21:41:46.635929,98.0,28.0,False,38.0
2024-11-21 21:41:46.746107,99.0,28.0,False,38.0
2024-11-21 21:41:46.854275,100.0,27.0,False,38.0
2024-11-21 21:41:46.981356,101.0,27.0,False,38.0
2024-11-21 21:41:47.075678,102.0,27.0,False,38.0
2024-11-21 21:41:47.187423,103.0,27.0,False,38.0
2024-11-21 21:41:47.282150,104.0,27.0,False,38.0
2024-11-21 21:41:47.374620,105.0,27.0,False,38.0
2024-11-21 21:41:47.474228,104.0,27.0,False,38.0
2024-11-21 21:41:47.576869,103.0,27.0,False,38.0
2024-11-21 21:41:47.703254,102.0,27.0,False,38.0
2024-11-21 21:41:47.797660,101.0,27.0,False,38.0
2024-11-21 21:41:47.892194,100.0,27.0,False,38.0
2024-11-21 21:41:47.987945,99.0,27.0,False,38.0
2024-11-21 21:41:48.079767,98.0,27.0,False,38.0
2024-11-21 21:41:48.188669,97.0,27.0,False,38.0
2024-11-21 21:41:48.284306,96.0,27.0,False,38.0
2024-11-21 21:41:48.379074,95.0,28.0,False,38.0
2024-11-21 21:41:48.474337,94.0,28.0,False,38.0
2024-11-21 21:41:48.567575,93.0,28.0,False,38.0
2024-11-21 21:41:48.662155,92.0,28.0,False,38.0
2024-11-21 21:41:48.756910,91.0,28.0,False,38.0
2024-11-21 21:41:48.851780,90.0,27.0,False,38.0
2024-11-21 21:41:48.958534,89.0,27.0,False,38.0
2024-11-21 21:41:49.069368,88.0,27.0,False,38.0
2024-11-21 21:41:49.163982,87.0,27.0,False,38.0
2024-11-21 21:41:49.257377,86.0,27.0,False,38.0
2024-11-21 21:41:49.352027,85.0,27.0,False,38.0
2024-11-21 21:41:49.447669,84.0,27.0,False,38.0
2024-11-21 21:41:49.541764,83.0,27.0,False,38.0
2024-11-21 21:41:49.650689,82.0,28.0,False,38.0
2024-11-21 21:41:49.744688,81.0,28.0,False,38.0
2024-11-21 21:41:49.840390,80.0,27.0,False,38.0
2024-11-21 21:41:49.935758,79.0,27.0,False,38.0
2024-11-21 21:41:50.030229,78.0,27.0,False,38.0
2024-11-21 21:41:50.138963,77.0,27.0,False,38.0
2024-11-21 21:41:50.233740,76.0,27.0,False,38.0
2024-11-21 21:41:50.328131,75.0,28.0,False,38.0
2024-11-21 21:41:50.477527,76.0,28.0,False,38.0
2024-11-21 21:41:50.591891,77.0,28.0,False,38.0
2024-11-21 21:41:50.695120,78.0,28.0,False,38.0
2024-11-21 21:41:50.801539,79.0,28.0,False,38.0
2024-11-21 21:41:50.906112,80.0,28.0,False,38.0
2024-11-21 21:41:51.006568,81.0,27.0,False,38.0
2024-11-21 21:41:51.098704,82.0,27.0,False,38.0
2024-11-21 21:41:51.223825,83.0,27.0,False,38.0
2024-11-21 21:41:51.320318,84.0,27.0,False,38.0
2024-11-21 21:41:51.430026,85.0,28.0,False,38.0
2024-11-21 21:41:51.523660,86.0,28.0,False,38.0
2024-11-21 21:41:51.640867,87.0,28.0,False,38.0
2024-11-21 21:41:51.791070,88.0,27.0,False,38.0
2024-11-21 21:41:51.919736,89.0,27.0,False,38.0
2024-11-21 21:41:52.051572,90.0,27.0,False,38.0
2024-11-21 21:41:52.227841,91.0,27.0,False,38.0
2024-11-21 21:41:52.414220,92.0,27.0,False,38.0
2024-11-21 21:41:52.548723,93.0,27.0,False,38.0
2024-11-21 21:41:52.690166,94.0,27.0,False,38.0
2024-11-21 21:41:52.935574,95.0,27.0,False,38.0
2024-11-21 21:41:53.181839,96.0,28.0,False,38.0
2024-11-21 21:41:53.381179,97.0,28.0,False,38.0
2024-11-21 21:41:53.501168,98.0,27.0,False,38.0
2024-11-21 21:41:53.624393,99.0,28.0,False,38.0
2024-11-21 21:41:53.717605,100.0,27.0,False,38.0
2024-11-21 21:41:53.818757,101.0,27.0,False,38.0
2024-11-21 21:41:53.920542,102.0,27.0,False,38.0
2024-11-21 21:41:54.031218,103.0,27.0,False,38.0
2024-11-21 21:41:54.144892,104.0,27.0,False,38.0
2024-11-21 21:41:54.238563,105.0,27.0,False,38.0
2024-11-21 21:41:54.333385,104.0,27.0,False,38.0
2024-11-21 21:41:54.425079,103.0,27.0,False,38.0
2024-11-21 21:41:54.522827,102.0,27.0,False,38.0
2024-11-21 21:41:54.614994,101.0,27.0,False,38.0
2024-11-21 21:41:54.711612,100.0,27.0,False,38.0
2024-11-21 21:41:54.807093,99.0,27.0,False,38.0
2024-11-21 21:41:54.905785,98.0,27.0,False,38.0
2024-11-21 21:41:55.011526,97.0,27.0,False,38.0
2024-11-21 21:41:55.106242,96.0,27.0,False,38.0
2024-11-21 21:41:55.205147,95.0,28.0,False,38.0
2024-11-21 21:41:55.308844,94.0,28.0,False,38.0
2024-11-21 21:41:55.504956,93.0,28.0,False,38.0
2024-11-21 21:41:55.745415,92.0,28.0,False,38.0
2024-11-21 21:41:55.913055,91.0,28.0,False,38.0
2024-11-21 21:41:56.052920,90.0,27.0,False,38.0
2024-11-21 21:41:56.191485,89.0,26.0,False,38.0
2024-11-21 21:41:56.328337,88.0,27.0,False,38.0
2024-11-21 21:41:56.455257,87.0,27.0,False,38.0
2024-11-21 21:41:56.585785,86.0,27.0,False,38.0
2024-11-21 21:41:56.749670,85.0,28.0,False,38.0
2024-11-21 21:41:56.890210,84.0,28.0,False,38.0
2024-11-21 21:41:57.041066,83.0,28.0,False,38.0
2024-11-21 21:41:57.186751,82.0,28.0,False,38.0
2024-11-21 21:41:57.342566,81.0,27.0,False,38.0
2024-11-21 21:41:57.521237,80.0,27.0,False,38.0
2024-11-21 21:41:57.644035,79.0,27.0,False,38.0
2024-11-21 21:41:57.808445,78.0,27.0,False,38.0
2024-11-21 21:41:58.036746,77.0,27.0,False,38.0
2024-11-21 21:41:58.269854,76.0,28.0,False,38.0
2024-11-21 21:41:58.509295,75.0,28.0,False,38.0
2024-11-21 21:41:58.743364,76.0,28.0,False,38.0
2024-11-21 21:41:58.967179,77.0,28.0,False,38.0
2024-11-21 21:41:59.208137,78.0,28.0,False,38.0
2024-11-21 21:41:59.428433,79.0,28.0,False,38.0
2024-11-21 21:41:59.649737,80.0,27.0,False,38.0
2024-11-21 21:41:59.884792,81.0,27.0,False,38.0
2024-11-21 21:42:00.124087,82.0,27.0,False,38.0
2024-11-21 21:42:00.344410,83.0,27.0,False,38.0
2024-11-21 21:42:00.582298,84.0,27.0,False,38.0
2024-11-21 21:42:00.805370,85.0,28.0,False,38.0
2024-11-21 21:42:01.053448,86.0,27.0,False,38.0
2024-11-21 21:42:01.281022,87.0,27.0,False,38.0
2024-11-21 21:42:01.528272,88.0,27.0,False,38.0
2024-11-21 21:42:01.776004,89.0,27.0,False,38.0
2024-11-21 21:42:02.013087,90.0,27.0,False,38.0
2024-11-21 21:42:02.251638,91.0,27.0,False,38.0
2024-11-21 21:42:02.486396,92.0,27.0,False,38.0
2024-11-21 21:42:02.734654,93.0,27.0,False,38.0
2024-11-21 21:42:02.958417,94.0,27.0,False,38.0
2024-11-21 21:42:03.185742,95.0,27.0,False,38.0
2024-11-21 21:42:03.407430,96.0,27.0,False,38.0
2024-11-21 21:42:03.628020,97.0,28.0,False,38.0
2024-11-21 21:42:03.849022,98.0,28.0,False,38.0
2024-11-21 21:42:04.074436,99.0,28.0,False,38.0
2024-11-21 21:42:04.314183,100.0,27.0,False,38.0
2024-11-21 21:42:04.545890,101.0,27.0,False,38.0
2024-11-21 21:42:04.780049,102.0,27.0,False,38.0
2024-11-21 21:42:05.014557,103.0,27.0,False,38.0
2024-11-21 21:42:05.238238,104.0,27.0,False,38.0
2024-11-21 21:42:05.495665,105.0,27.0,False,38.0
2024-11-21 21:42:05.720342,104.0,27.0,False,38.0
2024-11-21 21:42:05.961920,103.0,27.0,False,38.0
2024-11-21 21:42:06.195403,102.0,27.0,False,38.0
2024-11-21 21:42:06.436075,101.0,27.0,False,38.0
2024-11-21 21:42:06.662730,100.0,27.0,False,38.0
2024-11-21 21:42:06.888977,99.0,27.0,False,38.0
2024-11-21 21:42:07.114733,98.0,27.0,False,38.0
2024-11-21 21:42:07.336218,97.0,27.0,False,38.0
2024-11-21 21:42:07.586270,96.0,28.0,False,38.0
2024-11-21 21:42:07.817933,95.0,28.0,False,38.0
2024-11-21 21:42:08.051009,94.0,28.0,False,38.0
2024-11-21 21:42:08.278596,93.0,28.0,False,38.0
2024-11-21 21:42:08.499087,92.0,27.0,False,38.0
2024-11-21 21:42:08.723851,91.0,27.0,False,38.0
2024-11-21 21:42:08.947521,90.0,27.0,False,38.0
2024-11-21 21:42:09.177211,89.0,26.0,False,38.0
2024-11-21 21:42:09.402572,88.0,27.0,False,38.0
2024-11-21 21:42:09.627149,87.0,28.0,False,38.0
2024-11-21 21:42:09.865601,86.0,28.0,False,38.0
2024-11-21 21:42:10.093204,85.0,27.0,False,38.0
2024-11-21 21:42:10.327878,84.0,27.0,False,38.0
2024-11-21 21:42:10.560394,83.0,27.0,False,38.0
2024-11-21 21:42:10.814962,82.0,27.0,False,38.0
2024-11-21 21:42:11.049670,81.0,27.0,False,38.0
2024-11-21 21:42:11.274787,80.0,28.0,False,38.0
2024-11-21 21:42:11.501094,79.0,28.0,False,38.0
2024-11-21 21:42:11.716736,78.0,28.0,False,38.0
2024-11-21 21:42:11.935183,77.0,27.0,False,38.0
2024-11-21 21:42:12.153589,76.0,28.0,False,38.0
2024-11-21 21:42:12.375884,75.0,28.0,False,38.0
2024-11-21 21:42:12.600428,76.0,28.0,False,38.0
2024-11-21 21:42:12.821717,77.0,28.0,False,38.0
2024-11-21 21:42:13.054919,78.0,28.0,False,38.0
2024-11-21 21:42:13.285208,79.0,27.0,False,38.0
2024-11-21 21:42:13.529964,80.0,27.0,False,38.0
2024-11-21 21:42:13.759112,81.0,28.0,False,38.0
2024-11-21 21:42:13.975433,82.0,28.0,False,38.0
2024-11-21 21:42:14.185850,83.0,27.0,False,38.0
2024-11-21 21:42:14.403536,84.0,27.0,False,38.0
2024-11-21 21:42:14.621751,85.0,27.0,False,38.0
2024-11-21 21:42:14.856015,86.0,27.0,False,38.0
2024-11-21 21:42:15.078286,87.0,27.0,False,38.0
2024-11-21 21:42:15.298441,88.0,28.0,False,38.0
2024-11-21 21:42:15.544958,89.0,27.0,False,38.0
2024-11-21 21:42:15.780072,90.0,28.0,False,38.0
2024-11-21 21:42:16.006088,91.0,27.0,False,38.0
2024-11-21 21:42:16.234315,92.0,27.0,False,38.0
2024-11-21 21:42:16.466735,93.0,27.0,False,38.0
2024-11-21 21:42:16.703529,94.0,27.0,False,38.0
2024-11-21 21:42:16.951793,95.0,27.0,False,38.0
2024-11-21 21:42:17.204840,96.0,27.0,False,38.0
2024-11-21 21:42:17.441082,97.0,28.0,False,38.0
2024-11-21 21:42:17.662547,98.0,28.0,False,38.0
2024-11-21 21:42:17.903325,99.0,28.0,False,38.0
2024-11-21 21:42:18.132439,100.0,27.0,False,38.0
2024-11-21 21:42:18.359946,101.0,27.0,False,38.0
2024-11-21 21:42:18.603297,102.0,27.0,False,38.0
2024-11-21 21:42:18.863624,103.0,27.0,False,38.0
2024-11-21 21:42:19.103838,104.0,27.0,False,38.0
2024-11-21 21:42:19.382964,105.0,27.0,False,38.0
2024-11-21 21:42:19.649436,104.0,27.0,False,38.0
2024-11-21 21:42:19.885227,103.0,27.0,False,38.0
2024-11-21 21:42:20.053847,102.0,27.0,False,38.0
2024-11-21 21:42:20.194366,101.0,27.0,False,38.0
2024-11-21 21:42:20.361637,100.0,27.0,False,38.0
2024-11-21 21:42:20.502502,99.0,27.0,False,38.0
2024-11-21 21:42:20.641114,98.0,27.0,False,38.0
2024-11-21 21:42:20.787473,97.0,27.0,False,38.0
2024-11-21 21:42:20.928359,96.0,27.0,False,38.0
2024-11-21 21:42:21.056928,95.0,28.0,False,38.0
2024-11-21 21:42:21.254513,94.0,28.0,False,38.0
2024-11-21 21:42:21.510676,93.0,28.0,False,38.0
2024-11-21 21:42:21.755475,92.0,28.0,False,38.0
2024-11-21 21:42:22.006096,91.0,27.0,False,38.0
2024-11-21 21:42:22.239789,90.0,27.0,False,38.0
2024-11-21 21:42:22.478261,89.0,27.0,False,38.0
2024-11-21 21:42:22.702220,88.0,28.0,False,38.0
2024-11-21 21:42:22.931539,87.0,27.0,False,38.0
2024-11-21 21:42:23.171008,86.0,28.0,False,38.0
2024-11-21 21:42:23.412524,85.0,27.0,False,38.0
2024-11-21 21:42:23.635073,84.0,27.0,False,38.0
2024-11-21 21:42:23.847132,83.0,28.0,False,38.0
2024-11-21 21:42:24.064843,82.0,28.0,False,38.0
2024-11-21 21:42:24.282429,81.0,28.0,False,38.0
2024-11-21 21:42:24.520602,80.0,28.0,False,38.0
2024-11-21 21:42:24.758624,79.0,27.0,False,38.0
2024-11-21 21:42:25.001406,78.0,27.0,False,38.0
2024-11-21 21:42:25.248851,77.0,27.0,False,38.0
2024-11-21 21:42:25.492092,76.0,27.0,False,38.0
2024-11-21 21:42:25.714557,75.0,28.0,False,38.0
2024-11-21 21:42:25.950360,76.0,28.0,False,38.0
2024-11-21 21:42:26.178608,77.0,28.0,False,38.0
2024-11-21 21:42:26.413266,78.0,28.0,False,38.0
2024-11-21 21:42:26.631722,79.0,28.0,False,38.0
2024-11-21 21:42:26.793519,80.0,27.0,False,38.0
2024-11-21 21:42:26.917738,81.0,27.0,False,38.0
2024-11-21 21:42:27.092850,82.0,27.0,False,38.0
2024-11-21 21:42:27.247480,83.0,27.0,False,38.0
2024-11-21 21:42:27.395172,84.0,27.0,False,38.0
2024-11-21 21:42:27.541218,85.0,27.0,False,38.0
2024-11-21 21:42:27.671052,86.0,28.0,False,38.0
2024-11-21 21:42:27.878938,87.0,28.0,False,38.0
2024-11-21 21:42:28.166656,88.0,27.0,False,38.0
2024-11-21 21:42:28.408549,89.0,27.0,False,38.0
2024-11-21 21:42:28.642322,90.0,27.0,False,38.0
2024-11-21 21:42:28.871770,91.0,27.0,False,38.0
2024-11-21 21:42:29.162358,92.0,27.0,False,38.0
2024-11-21 21:42:29.384503,93.0,27.0,False,38.0
2024-11-21 21:42:29.623130,94.0,27.0,False,38.0
2024-11-21 21:42:29.858955,95.0,27.0,False,38.0
2024-11-21 21:42:30.090201,96.0,27.0,False,38.0
2024-11-21 21:42:30.326996,97.0,27.0,False,38.0
2024-11-21 21:42:30.550264,98.0,28.0,False,38.0
2024-11-21 21:42:30.802377,99.0,28.0,False,38.0
2024-11-21 21:42:31.056294,100.0,27.0,False,38.0
2024-11-21 21:42:31.296264,101.0,27.0,False,38.0
2024-11-21 21:42:31.551251,102.0,27.0,False,38.0
2024-11-21 21:42:31.814250,103.0,27.0,False,38.0
2024-11-21 21:42:32.068959,104.0,27.0,False,38.0
2024-11-21 21:42:32.336899,105.0,27.0,False,38.0
2024-11-21 21:42:32.570263,104.0,27.0,False,38.0
2024-11-21 21:42:32.858641,103.0,27.0,False,38.0
2024-11-21 21:42:33.120948,102.0,27.0,False,38.0
2024-11-21 21:42:33.360938,101.0,27.0,False,38.0
2024-11-21 21:42:33.587149,100.0,27.0,False,38.0
2024-11-21 21:42:33.855063,99.0,27.0,False,38.0
2024-11-21 21:42:34.097049,98.0,27.0,False,38.0
2024-11-21 21:42:34.360038,97.0,27.0,False,38.0
2024-11-21 21:42:34.609424,96.0,27.0,False,38.0
2024-11-21 21:42:34.824924,95.0,28.0,False,38.0
2024-11-21 21:42:35.082735,94.0,28.0,False,38.0
2024-11-21 21:42:35.325855,93.0,28.0,False,38.0
2024-11-21 21:42:35.558439,92.0,28.0,False,38.0
2024-11-21 21:42:35.798667,91.0,27.0,False,38.0
2024-11-21 21:42:36.064592,90.0,27.0,False,38.0
2024-11-21 21:42:36.287864,89.0,27.0,False,38.0
2024-11-21 21:42:36.505858,88.0,26.0,False,38.0
2024-11-21 21:42:36.733928,87.0,27.0,False,38.0
2024-11-21 21:42:36.981605,86.0,28.0,False,38.0
2024-11-21 21:42:37.220168,85.0,28.0,False,38.0
2024-11-21 21:42:37.444337,84.0,28.0,False,38.0
2024-11-21 21:42:37.673476,83.0,27.0,False,38.0
2024-11-21 21:42:37.896645,82.0,27.0,False,38.0
2024-11-21 21:42:38.130979,81.0,27.0,False,38.0
2024-11-21 21:42:38.357796,80.0,27.0,False,38.0
2024-11-21 21:42:38.605919,79.0,27.0,False,38.0
2024-11-21 21:42:38.835915,78.0,28.0,False,38.0
2024-11-21 21:42:39.052752,77.0,28.0,False,38.0
2024-11-21 21:42:39.302063,76.0,28.0,False,38.0
2024-11-21 21:42:39.567307,75.0,27.0,False,38.0
2024-11-21 21:42:39.835545,76.0,28.0,False,38.0
2024-11-21 21:42:40.096735,77.0,28.0,False,38.0
2024-11-21 21:42:40.340301,78.0,28.0,False,38.0
2024-11-21 21:42:40.629298,79.0,27.0,False,38.0
2024-11-21 21:42:40.875968,80.0,27.0,False,38.0
2024-11-21 21:42:41.123179,81.0,28.0,False,38.0
2024-11-21 21:42:41.376030,82.0,28.0,False,38.0
2024-11-21 21:42:41.600290,83.0,28.0,False,38.0
2024-11-21 21:42:41.863336,84.0,27.0,False,38.0
2024-11-21 21:42:42.125199,85.0,27.0,False,38.0
2024-11-21 21:42:42.351888,86.0,27.0,False,38.0
2024-11-21 21:42:42.584149,87.0,27.0,False,38.0
2024-11-21 21:42:42.831448,88.0,28.0,False,38.0
2024-11-21 21:42:43.072491,89.0,28.0,False,38.0
2024-11-21 21:42:43.341885,90.0,27.0,False,38.0
2024-11-21 21:42:43.582671,91.0,27.0,False,38.0
2024-11-21 21:42:43.837929,92.0,27.0,False,38.0
2024-11-21 21:42:44.084460,93.0,27.0,False,38.0
2024-11-21 21:42:44.318951,94.0,27.0,False,38.0
2024-11-21 21:42:44.600832,95.0,28.0,False,38.0
2024-11-21 21:42:44.828608,96.0,27.0,False,38.0
2024-11-21 21:42:45.077230,97.0,28.0,False,38.0
2024-11-21 21:42:45.317796,98.0,28.0,False,38.0
2024-11-21 21:42:45.549836,99.0,27.0,False,38.0
2024-11-21 21:42:45.777886,100.0,27.0,False,38.0
2024-11-21 21:42:46.003492,101.0,27.0,False,38.0
2024-11-21 21:42:46.250557,102.0,27.0,False,38.0
2024-11-21 21:42:46.477711,103.0,27.0,False,38.0
2024-11-21 21:42:46.725927,104.0,27.0,False,38.0
2024-11-21 21:42:46.959767,105.0,27.0,False,38.0
2024-11-21 21:42:47.181285,104.0,27.0,False,38.0
2024-11-21 21:42:47.414834,103.0,27.0,False,38.0
2024-11-21 21:42:47.648242,102.0,27.0,False,38.0
2024-11-21 21:42:47.892421,101.0,27.0,False,38.0
2024-11-21 21:42:48.127154,100.0,27.0,False,38.0
2024-11-21 21:42:48.360713,99.0,27.0,False,38.0
2024-11-21 21:42:48.586124,98.0,27.0,False,38.0
2024-11-21 21:42:48.830784,97.0,28.0,False,38.0
2024-11-21 21:42:49.052515,96.0,27.0,False,38.0
2024-11-21 21:42:49.275598,95.0,28.0,False,38.0
2024-11-21 21:42:49.543072,94.0,28.0,False,38.0
2024-11-21 21:42:49.788062,93.0,28.0,False,38.0
2024-11-21 21:42:50.034730,92.0,26.0,False,38.0
2024-11-21 21:42:50.236285,91.0,28.0,False,38.0
2024-11-21 21:42:50.343050,90.0,27.0,False,38.0
2024-11-21 21:42:50.445693,89.0,27.0,False,38.0
2024-11-21 21:42:50.542398,88.0,27.0,False,38.0
2024-11-21 21:42:50.640702,87.0,28.0,False,38.0
2024-11-21 21:42:50.735289,86.0,27.0,False,38.0
2024-11-21 21:42:50.832014,85.0,27.0,False,38.0
2024-11-21 21:42:50.928119,84.0,27.0,False,38.0
2024-11-21 21:42:51.025818,83.0,27.0,False,38.0
2024-11-21 21:42:51.124354,82.0,28.0,False,38.0
2024-11-21 21:42:51.226884,81.0,28.0,False,38.0
2024-11-21 21:42:51.337475,80.0,28.0,False,38.0
2024-11-21 21:42:51.430595,79.0,27.0,False,38.0
2024-11-21 21:42:51.538346,78.0,27.0,False,38.0
2024-11-21 21:42:51.649844,77.0,27.0,False,38.0
2024-11-21 21:42:51.743688,76.0,27.0,False,38.0
2024-11-21 21:42:51.853387,75.0,28.0,False,38.0
2024-11-21 21:42:51.950136,76.0,28.0,False,38.0
2024-11-21 21:42:52.101557,77.0,28.0,False,38.0
2024-11-21 21:42:52.390589,78.0,28.0,False,38.0
2024-11-21 21:42:52.652952,79.0,28.0,False,38.0
2024-11-21 21:42:52.903301,80.0,28.0,False,38.0
2024-11-21 21:42:53.156174,81.0,27.0,False,38.0
2024-11-21 21:42:53.452543,82.0,27.0,False,38.0
2024-11-21 21:42:53.693696,83.0,27.0,False,38.0
2024-11-21 21:42:53.955754,84.0,27.0,False,38.0
2024-11-21 21:42:54.238208,85.0,27.0,False,38.0
2024-11-21 21:42:54.484953,86.0,28.0,False,38.0
2024-11-21 21:42:54.740416,87.0,28.0,False,38.0
2024-11-21 21:42:54.970220,88.0,28.0,False,38.0
2024-11-21 21:42:55.217363,89.0,27.0,False,38.0
2024-11-21 21:42:55.452779,90.0,27.0,False,38.0
2024-11-21 21:42:55.709042,91.0,27.0,False,38.0
2024-11-21 21:42:55.924656,92.0,27.0,False,38.0
2024-11-21 21:42:56.108243,93.0,27.0,False,38.0
2024-11-21 21:42:56.233170,94.0,27.0,False,38.0
2024-11-21 21:42:56.377007,95.0,26.0,False,38.0
2024-11-21 21:42:56.572046,96.0,27.0,False,38.0
2024-11-21 21:42:56.786192,97.0,28.0,False,38.0
2024-11-21 21:42:57.068478,98.0,28.0,False,38.0
2024-11-21 21:42:57.330576,99.0,28.0,False,38.0
2024-11-21 21:42:57.594823,100.0,28.0,False,38.0
2024-11-21 21:42:57.844308,101.0,27.0,False,38.0
2024-11-21 21:42:58.098553,102.0,27.0,False,38.0
2024-11-21 21:42:58.364162,103.0,27.0,False,38.0
2024-11-21 21:42:58.600150,104.0,27.0,False,38.0
2024-11-21 21:42:58.883211,105.0,27.0,False,38.0
2024-11-21 21:42:59.113358,104.0,27.0,False,38.0
2024-11-21 21:42:59.339603,103.0,27.0,False,38.0
2024-11-21 21:42:59.590903,102.0,27.0,False,38.0
2024-11-21 21:42:59.823164,101.0,27.0,False,38.0
2024-11-21 21:43:00.135237,100.0,27.0,False,38.0
2024-11-21 21:43:00.414298,99.0,27.0,False,38.0
2024-11-21 21:43:00.673452,98.0,27.0,False,38.0
2024-11-21 21:43:00.913831,97.0,28.0,False,38.0
2024-11-21 21:43:01.148009,96.0,28.0,False,38.0
2024-11-21 21:43:01.402700,95.0,28.0,False,38.0
2024-11-21 21:43:01.633775,94.0,27.0,False,38.0
2024-11-21 21:43:01.903174,93.0,28.0,False,38.0
2024-11-21 21:43:02.175396,92.0,27.0,False,38.0
2024-11-21 21:43:02.497742,91.0,27.0,False,38.0
2024-11-21 21:43:02.776852,90.0,27.0,False,38.0
2024-11-21 21:43:03.029459,89.0,27.0,False,38.0
2024-11-21 21:43:03.284927,88.0,27.0,False,38.0
2024-11-21 21:43:03.561011,87.0,27.0,False,38.0
2024-11-21 21:43:03.820587,86.0,27.0,False,38.0
2024-11-21 21:43:04.103257,85.0,28.0,False,38.0
2024-11-21 21:43:04.369753,84.0,28.0,False,38.0
2024-11-21 21:43:04.648309,83.0,28.0,False,38.0
2024-11-21 21:43:04.915549,82.0,28.0,False,38.0
2024-11-21 21:43:05.176757,81.0,27.0,False,38.0
2024-11-21 21:43:05.468304,80.0,27.0,False,38.0
2024-11-21 21:43:05.668388,79.0,27.0,False,38.0
2024-11-21 21:43:05.860454,78.0,27.0,False,38.0
2024-11-21 21:43:05.968954,77.0,28.0,False,38.0
2024-11-21 21:43:06.112191,76.0,28.0,False,38.0
2024-11-21 21:43:06.421156,75.0,28.0,False,38.0
2024-11-21 21:43:06.713164,76.0,28.0,False,38.0
2024-11-21 21:43:06.977690,77.0,28.0,False,38.0
2024-11-21 21:43:07.261341,78.0,28.0,False,38.0
2024-11-21 21:43:07.526096,79.0,28.0,False,38.0
2024-11-21 21:43:07.912491,80.0,27.0,False,38.0
2024-11-21 21:43:08.185100,81.0,27.0,False,38.0
2024-11-21 21:43:08.375865,82.0,27.0,False,38.0
2024-11-21 21:43:08.482145,83.0,28.0,False,38.0
2024-11-21 21:43:08.576396,84.0,28.0,False,38.0
2024-11-21 21:43:08.677927,85.0,28.0,False,38.0
2024-11-21 21:43:08.768572,86.0,27.0,False,38.0
2024-11-21 21:43:08.861047,87.0,27.0,False,38.0
2024-11-21 21:43:08.955626,88.0,27.0,False,38.0
2024-11-21 21:43:09.049216,89.0,27.0,False,38.0
2024-11-21 21:43:09.145894,90.0,27.0,False,38.0
2024-11-21 21:43:09.241588,91.0,28.0,False,38.0
2024-11-21 21:43:09.336105,92.0,27.0,False,38.0
2024-11-21 21:43:09.431764,93.0,27.0,False,38.0
2024-11-21 21:43:09.527285,94.0,27.0,False,38.0
2024-11-21 21:43:09.621875,95.0,26.0,False,38.0
2024-11-21 21:43:09.731544,96.0,28.0,False,38.0
2024-11-21 21:43:09.833121,97.0,27.0,False,38.0
2024-11-21 21:43:09.935827,98.0,28.0,False,38.0
2024-11-21 21:43:10.033438,99.0,28.0,False,38.0
2024-11-21 21:43:10.131698,100.0,28.0,False,38.0
2024-11-21 21:43:10.262422,101.0,27.0,False,38.0
2024-11-21 21:43:10.500661,102.0,27.0,False,38.0
2024-11-21 21:43:10.618192,103.0,27.0,False,38.0
2024-11-21 21:43:10.721820,104.0,27.0,False,38.0
2024-11-21 21:43:10.864180,105.0,27.0,False,38.0
2024-11-21 21:43:11.010203,104.0,27.0,False,38.0
2024-11-21 21:43:11.197859,103.0,27.0,False,38.0
2024-11-21 21:43:11.301447,102.0,27.0,False,38.0
2024-11-21 21:43:11.400963,101.0,27.0,False,38.0
2024-11-21 21:43:11.497766,100.0,27.0,False,38.0
2024-11-21 21:43:11.605317,99.0,27.0,False,38.0
2024-11-21 21:43:11.706944,98.0,27.0,False,38.0
2024-11-21 21:43:11.802404,97.0,27.0,False,38.0
2024-11-21 21:43:11.912246,96.0,27.0,False,38.0
2024-11-21 21:43:12.021976,95.0,28.0,False,38.0
2024-11-21 21:43:12.114644,94.0,28.0,False,38.0
2024-11-21 21:43:12.207464,93.0,28.0,False,38.0
2024-11-21 21:43:12.301098,92.0,27.0,False,38.0
2024-11-21 21:43:12.397912,91.0,27.0,False,38.0
2024-11-21 21:43:12.489815,90.0,27.0,False,38.0
2024-11-21 21:43:12.584795,89.0,27.0,False,38.0
2024-11-21 21:43:12.694309,88.0,28.0,False,38.0
2024-11-21 21:43:12.789790,87.0,27.0,False,38.0
2024-11-21 21:43:12.885067,86.0,28.0,False,38.0
2024-11-21 21:43:12.993783,85.0,27.0,False,38.0
2024-11-21 21:43:13.157674,84.0,27.0,False,38.0
2024-11-21 21:43:13.280450,83.0,27.0,False,38.0
2024-11-21 21:43:13.416741,82.0,27.0,False,38.0
2024-11-21 21:43:13.538340,81.0,27.0,False,38.0
2024-11-21 21:43:13.645878,80.0,28.0,False,38.0
2024-11-21 21:43:13.797699,79.0,28.0,False,38.0
2024-11-21 21:43:13.937301,78.0,28.0,False,38.0
2024-11-21 21:43:14.035919,77.0,27.0,False,38.0
2024-11-21 21:43:14.137613,76.0,27.0,False,38.0
2024-11-21 21:43:14.243646,75.0,28.0,False,38.0
2024-11-21 21:43:14.339422,76.0,28.0,False,38.0
2024-11-21 21:43:14.435013,77.0,28.0,False,38.0
2024-11-21 21:43:14.546576,78.0,28.0,False,38.0
2024-11-21 21:43:14.654071,79.0,28.0,False,38.0
2024-11-21 21:43:14.753724,80.0,28.0,False,38.0
2024-11-21 21:43:14.865090,81.0,28.0,False,38.0
2024-11-21 21:43:14.973687,82.0,27.0,False,38.0
2024-11-21 21:43:15.106606,83.0,27.0,False,38.0
2024-11-21 21:43:15.208137,84.0,27.0,False,38.0
2024-11-21 21:43:15.311912,85.0,27.0,False,38.0
2024-11-21 21:43:15.419518,86.0,27.0,False,38.0
2024-11-21 21:43:15.515115,87.0,27.0,False,38.0
2024-11-21 21:43:15.624880,88.0,28.0,False,38.0
2024-11-21 21:43:15.735601,89.0,28.0,False,38.0
2024-11-21 21:43:15.836258,90.0,28.0,False,38.0
2024-11-21 21:43:15.938276,91.0,27.0,False,38.0
2024-11-21 21:43:16.042070,92.0,27.0,False,38.0
2024-11-21 21:43:16.154769,93.0,27.0,False,38.0
2024-11-21 21:43:16.259294,94.0,27.0,False,38.0
2024-11-21 21:43:16.374838,95.0,27.0,False,38.0
2024-11-21 21:43:16.633085,96.0,28.0,False,38.0
2024-11-21 21:43:16.917038,97.0,27.0,False,38.0
2024-11-21 21:43:17.181226,98.0,28.0,False,38.0
2024-11-21 21:43:17.419151,99.0,28.0,False,38.0
2024-11-21 21:43:17.663938,100.0,28.0,False,38.0
2024-11-21 21:43:17.912853,101.0,27.0,False,38.0
2024-11-21 21:43:18.165042,102.0,27.0,False,38.0
2024-11-21 21:43:18.420941,103.0,27.0,False,38.0
2024-11-21 21:43:18.704276,104.0,27.0,False,38.0
2024-11-21 21:43:18.939434,105.0,27.0,False,38.0
2024-11-21 21:43:19.174894,104.0,27.0,False,38.0
2024-11-21 21:43:19.408506,103.0,27.0,False,38.0
2024-11-21 21:43:19.655561,102.0,27.0,False,38.0
2024-11-21 21:43:19.891218,101.0,27.0,False,38.0
2024-11-21 21:43:20.155092,100.0,27.0,False,38.0
2024-11-21 21:43:20.387426,99.0,27.0,False,38.0
2024-11-21 21:43:20.624037,98.0,27.0,False,38.0
2024-11-21 21:43:20.851104,97.0,28.0,False,38.0
2024-11-21 21:43:21.079391,96.0,27.0,False,38.0
2024-11-21 21:43:21.319262,95.0,28.0,False,38.0
2024-11-21 21:43:21.558560,94.0,28.0,False,38.0
2024-11-21 21:43:21.808460,93.0,27.0,False,38.0
2024-11-21 21:43:22.043951,92.0,27.0,False,38.0
2024-11-21 21:43:22.313040,91.0,26.0,False,38.0
2024-11-21 21:43:22.547289,90.0,27.0,False,38.0
2024-11-21 21:43:22.808052,89.0,27.0,False,38.0
2024-11-21 21:43:23.051843,88.0,27.0,False,38.0
2024-11-21 21:43:23.315238,87.0,27.0,False,38.0
2024-11-21 21:43:23.558263,86.0,27.0,False,38.0
2024-11-21 21:43:23.827864,85.0,27.0,False,38.0
2024-11-21 21:43:24.108865,84.0,27.0,False,38.0
2024-11-21 21:43:24.363093,83.0,28.0,False,38.0
2024-11-21 21:43:24.614754,82.0,27.0,False,38.0
2024-11-21 21:43:24.844975,81.0,28.0,False,38.0
2024-11-21 21:43:25.078410,80.0,27.0,False,38.0
2024-11-21 21:43:25.326443,79.0,27.0,False,38.0
2024-11-21 21:43:25.567830,78.0,27.0,False,38.0
2024-11-21 21:43:25.794982,77.0,27.0,False,38.0
2024-11-21 21:43:26.034867,76.0,28.0,False,38.0
2024-11-21 21:43:26.279137,75.0,28.0,False,38.0
2024-11-21 21:43:26.503476,76.0,28.0,False,38.0
2024-11-21 21:43:26.728290,77.0,28.0,False,38.0
2024-11-21 21:43:26.962657,78.0,28.0,False,38.0
2024-11-21 21:43:27.218627,79.0,28.0,False,38.0
2024-11-21 21:43:27.461809,80.0,27.0,False,38.0
2024-11-21 21:43:27.684861,81.0,27.0,False,38.0
2024-11-21 21:43:27.961163,82.0,27.0,False,38.0
2024-11-21 21:43:28.224387,83.0,27.0,False,38.0
2024-11-21 21:43:28.524131,84.0,28.0,False,38.0
2024-11-21 21:43:28.763921,85.0,28.0,False,38.0
2024-11-21 21:43:29.006349,86.0,28.0,False,38.0
2024-11-21 21:43:29.241251,87.0,27.0,False,38.0
2024-11-21 21:43:29.468465,88.0,27.0,False,38.0
2024-11-21 21:43:29.696895,89.0,27.0,False,38.0
2024-11-21 21:43:29.921809,90.0,27.0,False,38.0
2024-11-21 21:43:30.166198,91.0,27.0,False,38.0
2024-11-21 21:43:30.401347,92.0,27.0,False,38.0
2024-11-21 21:43:30.639984,93.0,27.0,False,38.0
2024-11-21 21:43:30.862535,94.0,27.0,False,38.0
2024-11-21 21:43:31.084948,95.0,27.0,False,38.0
2024-11-21 21:43:31.332161,96.0,26.0,False,38.0
2024-11-21 21:43:31.592321,97.0,28.0,False,38.0
2024-11-21 21:43:31.834225,98.0,28.0,False,38.0
2024-11-21 21:43:32.064899,99.0,28.0,False,38.0
2024-11-21 21:43:32.309120,100.0,28.0,False,38.0
2024-11-21 21:43:32.536111,101.0,27.0,False,38.0
2024-11-21 21:43:32.771416,102.0,27.0,False,38.0
2024-11-21 21:43:32.998196,103.0,27.0,False,38.0
2024-11-21 21:43:33.222043,104.0,27.0,False,38.0
2024-11-21 21:43:33.459972,105.0,27.0,False,38.0
2024-11-21 21:43:33.706346,104.0,27.0,False,38.0
2024-11-21 21:43:34.000511,103.0,27.0,False,38.0
2024-11-21 21:43:34.261084,102.0,27.0,False,38.0
2024-11-21 21:43:34.489604,101.0,27.0,False,38.0
2024-11-21 21:43:34.736184,100.0,27.0,False,38.0
2024-11-21 21:43:34.980447,99.0,27.0,False,38.0
2024-11-21 21:43:35.240174,98.0,27.0,False,38.0
2024-11-21 21:43:35.533335,97.0,27.0,False,38.0
2024-11-21 21:43:35.815386,96.0,27.0,False,38.0
2024-11-21 21:43:36.106276,95.0,27.0,False,38.0
2024-11-21 21:43:36.428900,94.0,28.0,False,38.0
2024-11-21 21:43:36.677103,93.0,28.0,False,38.0
2024-11-21 21:43:36.918845,92.0,28.0,False,38.0
2024-11-21 21:43:37.158321,91.0,28.0,False,38.0
2024-11-21 21:43:37.317971,90.0,27.0,False,38.0
2024-11-21 21:43:37.417626,89.0,27.0,False,38.0
2024-11-21 21:43:37.538073,88.0,27.0,False,38.0
2024-11-21 21:43:37.637007,87.0,27.0,False,38.0
2024-11-21 21:43:37.740597,86.0,27.0,False,38.0
2024-11-21 21:43:37.845283,85.0,28.0,False,38.0
2024-11-21 21:43:37.942844,84.0,28.0,False,38.0
2024-11-21 21:43:38.043647,83.0,27.0,False,38.0
2024-11-21 21:43:38.152621,82.0,27.0,False,38.0
2024-11-21 21:43:38.245565,81.0,27.0,False,38.0
2024-11-21 21:43:38.355523,80.0,27.0,False,38.0
2024-11-21 21:43:38.462794,79.0,27.0,False,38.0
2024-11-21 21:43:38.557727,78.0,28.0,False,38.0
2024-11-21 21:43:38.669077,77.0,27.0,False,38.0
2024-11-21 21:43:38.773908,76.0,28.0,False,38.0
2024-11-21 21:43:38.873752,75.0,28.0,False,38.0
2024-11-21 21:43:38.969320,76.0,28.0,False,38.0
2024-11-21 21:43:39.080123,77.0,28.0,False,38.0
2024-11-21 21:43:39.177901,78.0,28.0,False,38.0
2024-11-21 21:43:39.284703,79.0,28.0,False,38.0
2024-11-21 21:43:39.388869,80.0,28.0,False,38.0
2024-11-21 21:43:39.570577,81.0,27.0,False,38.0
2024-11-21 21:43:39.753647,82.0,28.0,False,38.0
2024-11-21 21:43:39.933900,83.0,28.0,False,38.0
2024-11-21 21:43:40.085331,84.0,28.0,False,38.0
2024-11-21 21:43:40.223677,85.0,27.0,False,38.0
2024-11-21 21:43:40.401212,86.0,27.0,False,38.0
2024-11-21 21:43:40.668906,87.0,27.0,False,38.0
2024-11-21 21:43:40.935017,88.0,27.0,False,38.0
2024-11-21 21:43:41.196628,89.0,27.0,False,38.0
2024-11-21 21:43:41.422309,90.0,28.0,False,38.0
2024-11-21 21:43:41.665389,91.0,28.0,False,38.0
2024-11-21 21:43:41.906165,92.0,27.0,False,38.0
2024-11-21 21:43:42.127111,93.0,27.0,False,38.0
2024-11-21 21:43:42.347431,94.0,27.0,False,38.0
2024-11-21 21:43:42.517421,95.0,27.0,False,38.0
2024-11-21 21:43:42.768837,96.0,27.0,False,38.0
2024-11-21 21:43:42.989432,97.0,28.0,False,38.0
2024-11-21 21:43:43.209710,98.0,28.0,False,38.0
2024-11-21 21:43:43.428363,99.0,28.0,False,38.0
2024-11-21 21:43:43.672212,100.0,27.0,False,38.0
